charger_id,transaction_id,rectifier_id,session_start_time,session_end_time,session_duration_min,power_on_flag,was_active,active_minutes,live_capacity_kw,live_capacity_kw_max,live_capacity_kw_min,utilization_pct,utilization_pct_max,temp,temp_max,temp_min,temp_end,delta_temp,temp_slope,temp_above_threshold,high_temp_ratio,rank_score,cumulative_runtime_last_24h,cumulative_runtime_last_7d,cumulative_energy_last_7d,avg_temp_last_7d,max_temp_last_7d,count_high_temp_events_last_7d,cooldown_minutes_since_last_use,last_session_temp_end,last_session_peak_temp,target_rank
DC-CHG-240-001,TXN-20260101-001,R5,2026-01-01 13:16:00,2026-01-01 14:44:00,88.0,1,1,89,29.95121944514865,30.0,29.337865856763,60.0,60.0,42.27249059365088,61.86496882812267,23.24776744776296,61.59917261394493,38.35140516618197,0.4470744054547419,28,31.46067415730337,11.98048777805946,112.0,112.0,55.73907642723316,43.27950481428988,63.64666302250938,1,113.0,63.64666302250938,63.64666302250938,1
DC-CHG-240-001,TXN-20260101-001,R3,2026-01-01 13:16:00,2026-01-01 14:44:00,88.0,1,1,89,29.94744174399565,30.0,29.15172885387493,60.0,60.0,40.39005971549158,60.57575118167371,19.567361306171566,60.57575118167371,41.00838987550215,0.45256411986002554,24,26.96629213483146,11.97897669759826,112.0,112.0,55.70088161494696,41.08505263555424,61.289908251411966,1,113.0,61.27678061648152,61.289908251411966,2
DC-CHG-240-001,TXN-20260101-001,R7,2026-01-01 13:16:00,2026-01-01 14:44:00,88.0,1,1,89,29.944217368635133,30.0,29.14320462254981,60.0,60.0,44.34121205828716,64.05626862001321,24.87907071837288,64.05626862001321,39.177197901640334,0.4474460604007256,32,35.95505617977528,11.977686947454053,112.0,112.0,55.734941801072566,45.62771856701072,65.75737086129963,1,113.0,65.75737086129963,65.75737086129963,3
DC-CHG-240-001,TXN-20260101-001,R8,2026-01-01 13:16:00,2026-01-01 14:44:00,88.0,1,1,89,29.942470996506913,30.0,29.31594904831584,60.0,60.0,45.37783373044969,64.97480824871965,25.2563521642519,64.7546351960781,39.4982830318262,0.4473239174119807,35,39.325842696629216,11.976988398602765,112.0,112.0,0.0,22.661093585193584,27.80935654226756,0,113.0,22.661093585193584,27.80935654226756,4
DC-CHG-240-001,TXN-20260101-001,R2,2026-01-01 13:16:00,2026-01-01 14:44:00,88.0,1,1,89,29.941684042183784,30.0,29.284659414858584,60.0,60.0,39.21970201708314,59.83527674140672,18.845191023736582,59.83527674140672,40.99008571767014,0.4508906139344708,21,23.595505617977526,11.976673616873514,112.0,112.0,55.7405244777468,39.82665026865894,60.05331252485303,1,113.0,60.05331252485303,60.05331252485303,5
DC-CHG-240-001,TXN-20260101-001,R6,2026-01-01 13:16:00,2026-01-01 14:44:00,88.0,1,1,89,29.936020114717884,30.0,29.071382346529667,60.0,60.0,43.38021270399858,63.83876901271239,23.16732416421911,63.83876901271239,40.626123436162146,0.4506525108455028,30,33.70786516853933,11.974408045887152,112.0,112.0,55.734883441001415,44.52595374105287,63.62802836726752,1,113.0,63.47026283809276,63.62802836726752,6
DC-CHG-240-001,TXN-20260101-001,R4,2026-01-01 13:16:00,2026-01-01 14:44:00,88.0,1,1,89,29.934947446606575,30.0,29.091179577640855,60.0,60.0,41.269353911613045,61.45200798653752,21.41806231094108,61.45200798653752,39.79814338452333,0.45170806899275023,24,26.96629213483146,11.97397897864263,112.0,112.0,55.739552267969785,42.175371351535844,62.05406001546976,1,113.0,61.107611988353554,62.05406001546976,7
DC-CHG-240-001,TXN-20260101-001,R1,2026-01-01 13:16:00,2026-01-01 14:44:00,88.0,1,1,89,29.930872927239037,30.0,29.13940551840444,60.0,60.0,38.22179486400777,57.3693996835993,17.644759036422048,57.3693996835993,39.72464064717725,0.44766044580755004,18,20.224719101123593,11.972349170895614,112.0,112.0,55.729862781883575,38.806995660595206,58.35861073419903,1,113.0,57.87332176242261,58.35861073419903,8
DC-CHG-240-001,TXN-20260101-002,R3,2026-01-01 18:10:00,2026-01-01 19:51:00,101.0,1,1,102,29.828787707039805,30.0,28.656272909691197,99.66729778234593,102.0,42.44666787326175,62.57035101702045,22.964844409676303,62.57035101702045,39.60550660734415,0.3918787071289271,31,30.392156862745097,0.09924103820064716,200.0,200.0,99.62379617280725,40.73755617552291,61.289908251411966,2,206.0,60.57575118167371,60.57575118167371,1
DC-CHG-240-001,TXN-20260101-002,R2,2026-01-01 18:10:00,2026-01-01 19:51:00,101.0,1,1,102,29.8498721357516,30.0,28.710132508878623,99.72755941350228,102.0,40.33509325509125,59.97010522935402,19.721218894568857,59.97010522935402,40.24888633478516,0.39125530440538625,26,25.49019607843137,0.08132316671546201,200.0,200.0,99.65499440628302,39.52317614287104,60.05331252485303,2,206.0,59.83527674140672,59.83527674140672,2
DC-CHG-240-001,TXN-20260101-002,R1,2026-01-01 18:10:00,2026-01-01 19:51:00,101.0,1,1,102,29.85616073670397,30.0,28.66717948982797,99.9955767220297,102.0,38.647329633758396,58.54735641152352,19.14782019123508,58.54735641152352,39.33585096875853,0.39164310536996383,22,21.568627450980394,0.0013206209806450983,200.0,200.0,99.62847640850083,38.51439526230149,58.35861073419903,2,206.0,57.3693996835993,57.3693996835993,3
DC-CHG-240-001,TXN-20260101-002,R5,2026-01-01 18:10:00,2026-01-01 19:51:00,101.0,0,0,0,0.0,0.0,0.0,0.0,0.0,22.66931274040895,27.960762977660128,18.25360030240296,22.66931274040895,0.0,0.0,0,0.0,0.0,200.0,200.0,99.66753161345117,42.775997703970376,63.64666302250938,2,206.0,61.59917261394493,61.86496882812267,4
DC-CHG-240-001,TXN-20260101-002,R7,2026-01-01 18:10:00,2026-01-01 19:51:00,101.0,0,0,0,0.0,0.0,0.0,0.0,0.0,23.277769938623646,27.944962605364488,18.22675770868906,23.277769938623646,0.0,0.0,0,0.0,0.0,200.0,200.0,99.65312727507077,44.984465312648936,65.75737086129963,2,206.0,64.05626862001321,64.05626862001321,5
DC-CHG-240-001,TXN-20260101-002,R6,2026-01-01 18:10:00,2026-01-01 19:51:00,101.0,0,0,0,0.0,0.0,0.0,0.0,0.0,23.40100328994721,27.865974564635856,18.09968773093701,23.40100328994721,0.0,0.0,0,0.0,0.0,200.0,200.0,99.64104627592097,43.95308322252572,63.83876901271239,2,206.0,63.83876901271239,63.83876901271239,6
DC-CHG-240-001,TXN-20260101-002,R8,2026-01-01 18:10:00,2026-01-01 19:51:00,101.0,0,0,0,0.0,0.0,0.0,0.0,0.0,22.873389839790068,27.84625910219691,18.01062866577563,22.873389839790068,0.0,0.0,0,0.0,0.0,200.0,200.0,43.91562412821013,34.01946365782163,64.97480824871965,1,206.0,64.7546351960781,64.97480824871965,7
DC-CHG-240-001,TXN-20260101-002,R4,2026-01-01 18:10:00,2026-01-01 19:51:00,101.0,1,1,102,29.841376698715358,30.0,28.62660534550212,100.09606341671683,102.0,44.36355562508461,64.47241637017315,24.0623343743329,64.22565448256779,38.60111356240027,0.39278255228739434,37,36.27450980392157,-0.02866664605212619,200.0,200.0,99.6441418563261,41.72236263157444,62.05406001546976,2,206.0,61.45200798653752,61.45200798653752,8
DC-CHG-240-001,TXN-20260101-003,R1,2026-01-01 22:47:00,2026-01-02 00:02:00,75.0,1,1,76,29.785725942486255,30.0,28.645895538037163,99.6564784245528,102.0,42.21153645729252,61.42544238754119,21.983262811000184,61.20062275425901,39.21735994325883,0.5274822319475203,23,30.263157894736842,0.10232039501601363,301.0,301.0,149.88634698195253,38.558706719453795,58.54735641152352,3,176.0,58.54735641152352,58.54735641152352,1
DC-CHG-240-001,TXN-20260101-003,R3,2026-01-01 22:47:00,2026-01-02 00:02:00,75.0,1,1,76,29.790489851445585,30.0,28.539257829092318,99.68738959167378,102.0,45.39461857849843,64.76853001615657,24.723951033411304,64.76853001615657,40.04457898274527,0.5281236446899604,29,38.15789473684211,0.09312817196698576,301.0,301.0,149.83558881299092,41.3072600747692,62.57035101702045,3,176.0,62.57035101702045,62.57035101702045,2
DC-CHG-240-001,TXN-20260101-003,R5,2026-01-01 22:47:00,2026-01-02 00:02:00,75.0,1,1,76,29.766302801061737,30.0,28.44374957373909,99.75343257929349,102.0,48.66640122023739,68.05601163505173,28.04670388600203,68.05601163505173,40.0093077490497,0.532063320083663,34,44.73684210526316,0.07339400505626817,301.0,301.0,99.66753161345117,36.07376938278323,63.64666302250938,2,176.0,22.66931274040895,27.960762977660128,3
DC-CHG-240-001,TXN-20260101-003,R6,2026-01-01 22:47:00,2026-01-02 00:02:00,75.0,0,0,0,0.0,0.0,0.0,0.0,0.0,22.85093303955198,27.823553518490563,18.035190738588604,22.85093303955198,0.0,0.0,0,0.0,0.0,301.0,301.0,99.64104627592097,37.102389911666215,63.83876901271239,2,176.0,23.40100328994721,27.865974564635856,4
DC-CHG-240-001,TXN-20260101-003,R7,2026-01-01 22:47:00,2026-01-02 00:02:00,75.0,0,0,0,0.0,0.0,0.0,0.0,0.0,22.46602151461333,27.98566244586481,18.074381327368272,22.46602151461333,0.0,0.0,0,0.0,0.0,301.0,301.0,99.65312727507077,37.74890018797384,65.75737086129963,2,176.0,23.277769938623646,27.944962605364488,5
DC-CHG-240-001,TXN-20260101-003,R8,2026-01-01 22:47:00,2026-01-02 00:02:00,75.0,0,0,0,0.0,0.0,0.0,0.0,0.0,22.749243098869844,27.92662349142735,18.04517580535616,22.749243098869844,0.0,0.0,0,0.0,0.0,301.0,301.0,43.91562412821013,30.304105718477775,64.97480824871965,1,176.0,22.873389839790068,27.84625910219691,6
DC-CHG-240-001,TXN-20260101-003,R2,2026-01-01 22:47:00,2026-01-02 00:02:00,75.0,1,1,76,29.771337004863355,30.0,28.503331622244165,100.02084344894084,102.0,43.86086017639865,63.728510484370446,24.131194537171226,62.91826628301713,37.897931881407914,0.5271486557101398,26,34.21052631578947,-0.006205373427613372,301.0,301.0,149.90227916813154,39.793815180277775,60.05331252485303,3,176.0,59.97010522935402,59.97010522935402,7
DC-CHG-240-001,TXN-20260101-003,R4,2026-01-01 22:47:00,2026-01-02 00:02:00,75.0,1,1,76,29.78096347406795,30.0,28.65566367258084,100.1108255889118,102.0,47.03059768108107,66.76425392665544,27.65962720059989,66.76425392665544,39.08381231963959,0.5224147600818291,33,43.42105263157895,-0.03300492815374212,301.0,301.0,149.8771259658303,42.60276029607783,64.47241637017315,3,176.0,64.22565448256779,64.47241637017315,8
DC-CHG-240-001,TXN-20260101-004,R2,2026-01-01 09:31:00,2026-01-01 11:23:00,112.0,1,1,113,29.860995255935787,30.0,28.79963788934033,60.0,60.0,39.82665026865894,60.05331252485303,20.672967277298977,60.05331252485303,39.219446247646545,0.3563409682736044,28,24.778761061946902,11.944398102374315,0.0,0.0,0.0,0.0,0.0,0,0.0,0.0,0.0,1
DC-CHG-240-001,TXN-20260101-004,R4,2026-01-01 09:31:00,2026-01-01 11:23:00,112.0,1,1,113,29.860474429269527,30.0,28.696767800447017,60.0,60.0,42.175371351535844,62.05406001546976,21.698489605720734,61.107611988353554,39.409122382632816,0.3537966696720927,35,30.973451327433626,11.94418977170781,0.0,0.0,0.0,0.0,0.0,0,0.0,0.0,0.0,2
DC-CHG-240-001,TXN-20260101-004,R5,2026-01-01 09:31:00,2026-01-01 11:23:00,112.0,1,1,113,29.860219514589193,30.0,28.64887837578661,60.0,60.0,43.27950481428988,63.64666302250938,23.43899206757341,63.64666302250938,39.964648491193465,0.35321752960031333,38,33.6283185840708,11.944087805835677,0.0,0.0,0.0,0.0,0.0,0,0.0,0.0,0.0,3
DC-CHG-240-001,TXN-20260101-004,R7,2026-01-01 09:31:00,2026-01-01 11:23:00,112.0,1,1,113,29.858004536288878,30.0,28.794459303153207,60.0,60.0,45.62771856701072,65.75737086129963,25.549042970239626,65.75737086129963,39.43538212747589,0.34980265946070865,44,38.93805309734513,11.94320181451555,0.0,0.0,0.0,0.0,0.0,0,0.0,0.0,0.0,4
DC-CHG-240-001,TXN-20260101-004,R6,2026-01-01 09:31:00,2026-01-01 11:23:00,112.0,1,1,113,29.857973271965044,30.0,28.64874989289,60.0,60.0,44.52595374105287,63.62802836726752,24.26699907984198,63.47026283809276,37.9740630858668,0.35012355386918576,41,36.283185840707965,11.943189308786017,0.0,0.0,0.0,0.0,0.0,0,0.0,0.0,0.0,5
DC-CHG-240-001,TXN-20260101-004,R1,2026-01-01 09:31:00,2026-01-01 11:23:00,112.0,1,1,113,29.855283633151917,30.0,28.73218986533001,60.0,60.0,38.806995660595206,58.35861073419903,18.610445835664255,57.87332176242261,39.262875926758355,0.3531510632468687,24,21.238938053097346,11.942113453260767,0.0,0.0,0.0,0.0,0.0,0,0.0,0.0,0.0,6
DC-CHG-240-001,TXN-20260101-004,R3,2026-01-01 09:31:00,2026-01-01 11:23:00,112.0,1,1,113,29.839758008007298,30.0,28.758860601337588,60.0,60.0,41.08505263555424,61.289908251411966,20.86606591570364,61.27678061648152,40.41071470077787,0.3533225106737767,33,29.20353982300885,11.935903203202919,0.0,0.0,0.0,0.0,0.0,0,0.0,0.0,0.0,7
DC-CHG-240-001,TXN-20260101-004,R8,2026-01-01 09:31:00,2026-01-01 11:23:00,112.0,0,0,0,0.0,0.0,0.0,0.0,0.0,22.661093585193584,27.80935654226756,18.148273871120235,22.661093585193584,0.0,0.0,0,0.0,0.0,0.0,0.0,0.0,0.0,0.0,0,0.0,0.0,0.0,8
DC-CHG-240-001,TXN-20260102-001,R1,2026-01-02 21:01:00,2026-01-02 22:06:00,65.0,1,1,66,29.756175102412485,30.0,28.72285266895218,60.0,60.0,42.14478122949445,62.26356421111234,22.46041021011098,62.26356421111234,39.03343206519093,0.610258558384559,22,33.33333333333333,11.902470040964994,168.0,469.0,233.50610968045757,39.672425840532576,61.42544238754119,5,166.0,61.04442465166727,61.04442465166727,1
DC-CHG-240-001,TXN-20260102-001,R2,2026-01-02 21:01:00,2026-01-02 22:06:00,65.0,1,1,66,29.74927679206029,30.0,28.550753253454296,60.0,60.0,44.06744738439449,63.25430024610775,24.752006323174943,63.25430024610775,37.90332995054355,0.5994943314132697,23,34.84848484848485,11.899710716824115,168.0,469.0,233.51928182301418,41.297431926145556,63.728510484370446,5,166.0,61.96624255675067,62.588873923982696,2
DC-CHG-240-001,TXN-20260102-001,R3,2026-01-02 21:01:00,2026-01-02 22:06:00,65.0,1,1,66,29.74361566814021,30.0,28.70492062571027,60.0,60.0,46.11577676331903,65.26547771644697,25.86514161937937,65.26547771644697,39.400336097067594,0.6094955370703911,27,40.909090909090914,11.897446267256084,168.0,469.0,233.45800204800955,43.03603814488886,66.14940577281364,5,166.0,65.66944687697787,66.14940577281364,3
DC-CHG-240-001,TXN-20260102-001,R4,2026-01-02 21:01:00,2026-01-02 22:06:00,65.0,1,1,66,29.732920801776377,30.0,28.55914895683018,60.0,60.0,48.19922798720986,67.05211615041222,28.0597496909194,66.92690842607601,38.86715873515661,0.6072272314297736,30,45.45454545454545,11.89316832071055,168.0,469.0,187.10333030841522,39.571968866709156,66.76425392665544,4,166.0,23.02096576423122,27.87924044019956,4
DC-CHG-240-001,TXN-20260102-001,R5,2026-01-02 21:01:00,2026-01-02 22:06:00,65.0,0,0,0,0.0,0.0,0.0,0.0,0.0,23.103541536930262,27.840724554729235,18.41677659461773,23.103541536930262,0.0,0.0,0,0.0,0.0,168.0,469.0,136.87541011477833,35.95839590459023,68.05601163505173,3,166.0,22.904270154364063,27.750503292588967,5
DC-CHG-240-001,TXN-20260102-001,R6,2026-01-02 21:01:00,2026-01-02 22:06:00,65.0,0,0,0,0.0,0.0,0.0,0.0,0.0,22.497179756600904,27.7011272179046,18.219183211295125,22.497179756600904,0.0,0.0,0,0.0,0.0,168.0,469.0,99.64104627592097,31.446874901530133,63.83876901271239,2,166.0,23.076271733100047,27.878366481246168,6
DC-CHG-240-001,TXN-20260102-001,R7,2026-01-02 21:01:00,2026-01-02 22:06:00,65.0,0,0,0,0.0,0.0,0.0,0.0,0.0,22.279715424785444,27.953076237609288,18.09782486730393,22.279715424785444,0.0,0.0,0,0.0,0.0,168.0,469.0,99.65312727507077,31.64420770732238,65.75737086129963,2,166.0,22.508316458077044,27.918934244833377,7
DC-CHG-240-001,TXN-20260102-001,R8,2026-01-02 21:01:00,2026-01-02 22:06:00,65.0,0,0,0,0.0,0.0,0.0,0.0,0.0,23.59169021179743,27.974520940766457,18.157173341109587,23.59169021179743,0.0,0.0,0,0.0,0.0,168.0,469.0,43.91562412821013,27.337255455191848,64.97480824871965,1,166.0,23.02471702165606,27.814661092439337,8
DC-CHG-240-001,TXN-20260102-002,R1,2026-01-02 16:42:00,2026-01-02 18:15:00,93.0,1,1,94,29.92748727122403,30.0,28.99326069380168,99.53448799899722,102.0,40.47447258700899,61.04442465166727,21.140546960847065,61.04442465166727,39.90387769082021,0.42388806478819474,25,26.595744680851062,0.1393160448461269,176.0,376.0,187.11850441006032,39.471914153913474,61.42544238754119,4,1000.0,61.20062275425901,61.42544238754119,1
DC-CHG-240-001,TXN-20260102-002,R3,2026-01-02 16:42:00,2026-01-02 18:15:00,93.0,1,1,94,29.925355432717183,30.0,29.22858465634649,99.98678322447533,102.0,45.86379192163829,66.14940577281364,26.010387971065192,65.66944687697787,39.65905890591268,0.4251246096292862,37,39.361702127659576,0.003955167052501383,176.0,376.0,187.07370112729794,42.329099700701505,64.76853001615657,4,1000.0,64.76853001615657,64.76853001615657,2
DC-CHG-240-001,TXN-20260102-002,R4,2026-01-02 16:42:00,2026-01-02 18:15:00,93.0,0,0,0,0.0,0.0,0.0,0.0,0.0,23.02096576423122,27.87924044019956,18.06395397359098,23.02096576423122,0.0,0.0,0,0.0,0.0,176.0,376.0,187.10333030841522,43.70971964232864,66.76425392665544,4,1000.0,66.76425392665544,66.76425392665544,3
DC-CHG-240-001,TXN-20260102-002,R5,2026-01-02 16:42:00,2026-01-02 18:15:00,93.0,0,0,0,0.0,0.0,0.0,0.0,0.0,22.904270154364063,27.750503292588967,18.298642003995678,22.904270154364063,0.0,0.0,0,0.0,0.0,176.0,376.0,136.87541011477833,39.22192734214677,68.05601163505173,3,1000.0,68.05601163505173,68.05601163505173,4
DC-CHG-240-001,TXN-20260102-002,R7,2026-01-02 16:42:00,2026-01-02 18:15:00,93.0,0,0,0,0.0,0.0,0.0,0.0,0.0,22.508316458077044,27.918934244833377,18.03421853258922,22.508316458077044,0.0,0.0,0,0.0,0.0,176.0,376.0,99.65312727507077,33.92818051963371,65.75737086129963,2,1000.0,22.46602151461333,27.98566244586481,5
DC-CHG-240-001,TXN-20260102-002,R6,2026-01-02 16:42:00,2026-01-02 18:15:00,93.0,0,0,0,0.0,0.0,0.0,0.0,0.0,23.076271733100047,27.878366481246168,18.075656996696345,23.076271733100047,0.0,0.0,0,0.0,0.0,176.0,376.0,99.64104627592097,33.53952569363766,63.83876901271239,2,1000.0,22.85093303955198,27.823553518490563,6
DC-CHG-240-001,TXN-20260102-002,R8,2026-01-02 16:42:00,2026-01-02 18:15:00,93.0,0,0,0,0.0,0.0,0.0,0.0,0.0,23.02471702165606,27.814661092439337,18.03199192192858,23.02471702165606,0.0,0.0,0,0.0,0.0,176.0,376.0,43.91562412821013,28.415390063575792,64.97480824871965,1,1000.0,22.749243098869844,27.92662349142735,7
DC-CHG-240-001,TXN-20260102-002,R2,2026-01-02 16:42:00,2026-01-02 18:15:00,93.0,1,1,94,29.937310579873166,30.0,29.3008548327709,100.06769272269894,102.0,43.24485391349579,62.588873923982696,23.140253560266657,61.96624255675067,38.214549871207176,0.423067565411794,31,32.97872340425532,-0.020265380634352872,176.0,376.0,187.11645042421074,40.81057642930799,63.728510484370446,4,1000.0,62.91826628301713,63.728510484370446,8
DC-CHG-240-001,TXN-20260103-001,R3,2026-01-03 09:42:00,2026-01-03 11:18:00,96.0,1,1,97,29.983516881647674,30.0,29.368547077231582,60.0,60.0,45.78131025756042,65.23193546799234,26.694737987986517,65.23193546799234,38.53719748000583,0.4105968310414549,37,38.144329896907216,11.993406752659071,158.0,534.0,265.6802523551615,43.54932791462722,66.14940577281364,6,696.0,65.26547771644697,65.26547771644697,1
DC-CHG-240-001,TXN-20260103-001,R5,2026-01-03 09:42:00,2026-01-03 11:18:00,96.0,1,1,97,29.983468624701437,30.0,29.46053681615661,60.0,60.0,48.2907566923664,67.82342395375233,28.02902007406476,67.32547326349237,38.62002738685152,0.41163841558293646,45,46.391752577319586,11.993387449880574,158.0,534.0,136.87541011477833,33.815920176646905,68.05601163505173,3,696.0,23.103541536930262,27.840724554729235,2
DC-CHG-240-001,TXN-20260103-001,R4,2026-01-03 09:42:00,2026-01-03 11:18:00,96.0,1,1,97,29.981716279598622,30.0,29.290955760123666,60.0,60.0,46.97824447484359,66.14775597590952,27.010681736658317,66.05972832646255,39.049046589804234,0.40840793495755184,42,43.29896907216495,11.99268651183945,158.0,534.0,219.31399451033965,41.00984538679261,67.05211615041222,5,696.0,66.92690842607601,67.05211615041222,3
DC-CHG-240-001,TXN-20260103-001,R1,2026-01-03 09:42:00,2026-01-03 11:18:00,96.0,1,1,97,29.97993288694748,30.0,29.598427773007383,60.0,60.0,43.048133812964366,63.000327380198286,22.62812365992702,63.000327380198286,40.372203720271266,0.41533626626809306,33,34.02061855670103,11.991973154778993,158.0,534.0,265.74196604140445,40.08448507202622,62.26356421111234,6,696.0,62.26356421111234,62.26356421111234,4
DC-CHG-240-001,TXN-20260103-001,R6,2026-01-03 09:42:00,2026-01-03 11:18:00,96.0,1,1,97,29.971517597259382,30.0,29.373994669634424,60.0,60.0,49.74608925753922,69.99880180406343,29.67048028042881,69.28513547786552,39.61465519743672,0.4145134274983388,47,48.45360824742268,11.988607038903753,158.0,534.0,99.64104627592097,29.955259044041927,63.83876901271239,2,696.0,22.497179756600904,27.7011272179046,5
DC-CHG-240-001,TXN-20260103-001,R2,2026-01-03 09:42:00,2026-01-03 11:18:00,96.0,1,1,97,29.966713670433442,30.0,29.26057864811384,60.0,60.0,44.29070955458593,64.21437145007204,24.36314069755142,64.21437145007204,39.85123075252062,0.41034283312136055,35,36.08247422680412,11.986685468173377,158.0,534.0,265.7476650144128,41.75910116918704,63.728510484370446,6,696.0,63.25430024610775,63.25430024610775,6
DC-CHG-240-001,TXN-20260103-001,R7,2026-01-03 09:42:00,2026-01-03 11:18:00,96.0,0,0,0,0.0,0.0,0.0,0.0,0.0,22.8313012247356,27.995570908504185,18.15888114544562,22.8313012247356,0.0,0.0,0,0.0,0.0,158.0,534.0,99.65312727507077,30.083458993566225,65.75737086129963,2,696.0,22.279715424785444,27.953076237609288,7
DC-CHG-240-001,TXN-20260103-001,R8,2026-01-03 09:42:00,2026-01-03 11:18:00,96.0,0,0,0,0.0,0.0,0.0,0.0,0.0,22.95508198930012,27.908583774068312,18.01014143964599,22.95508198930012,0.0,0.0,0,0.0,0.0,158.0,534.0,43.91562412821013,26.71299458129278,64.97480824871965,1,696.0,23.59169021179743,27.974520940766457,8
DC-CHG-240-001,TXN-20260104-001,R7,2026-01-04 19:25:00,2026-01-04 21:02:00,97.0,1,1,98,29.776170797036638,30.0,28.3233659121048,99.63073044160919,102.0,48.46788308410573,68.9850158829221,28.2779851722461,68.9850158829221,40.50190884407769,0.4086805203302738,46,46.93877551020408,0.10995433440791108,309.0,939.0,144.5863535837001,29.453757055499104,65.75737086129963,3,2.0,65.30172794881634,65.30172794881634,1
DC-CHG-240-001,TXN-20260104-001,R6,2026-01-04 19:25:00,2026-01-04 21:02:00,97.0,1,1,98,29.756987810220892,30.0,28.402228565182767,99.71491387811346,102.0,47.40216049911393,66.75162106278414,27.20418555897413,66.32526112494274,39.12107556596861,0.406916654270585,44,44.89795918367347,0.08483304253840802,309.0,939.0,192.5150873936467,31.916282055557822,69.99880180406343,4,2.0,63.39756867111501,63.39756867111501,2
DC-CHG-240-001,TXN-20260104-001,R1,2026-01-04 19:25:00,2026-01-04 21:02:00,97.0,1,1,98,29.75748011072057,30.0,28.28264441156824,99.86139848019035,102.0,42.42372174288479,62.30903291290712,22.446604875683875,61.7061470993233,39.25954222363943,0.40536248735530434,31,31.63265306122449,0.04124431969051434,309.0,939.0,467.9434185169108,40.55761568782303,64.19117554634569,10,2.0,57.84868373251549,58.63038505988038,3
DC-CHG-240-001,TXN-20260104-001,R5,2026-01-04 19:25:00,2026-01-04 21:02:00,97.0,1,1,98,29.76433812293805,30.0,28.22447870317215,99.8637122059123,102.0,46.341885384546636,66.45507756800973,27.03315347867276,66.45507756800973,39.06293669226318,0.40983458610110135,40,40.816326530612244,0.04056515985255867,309.0,939.0,339.0731042989829,39.02872094791547,71.07676135485026,7,2.0,63.52059744722352,63.52059744722352,4
DC-CHG-240-001,TXN-20260104-001,R4,2026-01-04 19:25:00,2026-01-04 21:02:00,97.0,1,1,98,29.76568780519992,30.0,28.33441621535093,99.90669032822797,102.0,45.5667016901629,66.2147698751136,24.864351780269985,66.2147698751136,41.35041809484362,0.40964209396631757,36,36.734693877551024,0.02777426559172016,309.0,939.0,421.5233357140162,42.76630934232249,68.61988605188067,9,2.0,61.48490343313743,61.48490343313743,5
DC-CHG-240-001,TXN-20260104-001,R2,2026-01-04 19:25:00,2026-01-04 21:02:00,97.0,1,1,98,29.777323059188443,30.0,28.56179976498281,100.04720190696752,102.0,43.33630911314161,63.2126808507623,23.05955707879721,63.2126808507623,39.03728393794875,0.4064425659499849,33,33.6734693877551,-0.014055464327814696,309.0,939.0,467.9242958662399,42.13566804596269,65.63763535390684,10,2.0,58.98845130023204,59.0648167303393,6
DC-CHG-240-001,TXN-20260104-001,R8,2026-01-04 19:25:00,2026-01-04 21:02:00,97.0,1,1,98,29.78678698534433,30.0,28.52148336741459,100.07804134291129,102.0,49.47136851201263,68.93582818348386,29.666015530091663,68.93582818348386,39.2698126533922,0.4111919034607154,47,47.95918367346938,-0.02324600857348842,309.0,939.0,88.83730288256338,27.46015522678806,64.97480824871965,2,2.0,64.67862989683636,64.82098653208904,7
DC-CHG-240-001,TXN-20260104-001,R3,2026-01-04 19:25:00,2026-01-04 21:02:00,97.0,1,1,98,29.77441928374286,30.0,28.437259703104942,100.08111142299727,102.0,44.44546462044255,64.1674184040011,25.23048292416893,64.1674184040011,38.93463884562718,0.40522930586831646,35,35.714285714285715,-0.024150455170216616,309.0,939.0,467.85940313293275,43.77203108497541,68.05677358819241,10,2.0,60.79333844023595,60.79333844023595,8
DC-CHG-240-001,TXN-20260104-002,R5,2026-01-04 14:10:00,2026-01-04 16:00:00,110.0,1,1,111,29.981679828674974,30.0,29.62658498062991,60.0,60.0,50.65286662290055,71.07676135485026,29.9209131907092,71.07676135485026,41.15584816414106,0.361603208034282,57,51.35135135135135,11.99267193146999,109.0,739.0,239.19696190099833,37.094142003272594,68.05601163505173,5,251.0,64.9735455315731,64.9735455315731,1
DC-CHG-240-001,TXN-20260104-002,R4,2026-01-04 14:10:00,2026-01-04 16:00:00,110.0,1,1,111,29.980453800658946,30.0,29.41956223716377,60.0,60.0,48.875994823530306,68.61988605188067,28.39161210053668,68.61988605188067,40.22827395134399,0.36175277851418824,53,47.74774774774775,11.992181520263578,109.0,739.0,321.6257781347859,42.11538292298179,67.05211615041222,7,251.0,64.21864911075471,64.21864911075471,2
DC-CHG-240-001,TXN-20260104-002,R1,2026-01-04 14:10:00,2026-01-04 16:00:00,110.0,1,1,111,29.977523623034408,30.0,29.48845262608434,60.0,60.0,44.11693410571943,64.19117554634569,24.311297539415943,63.31829461672231,39.006997077306366,0.35970115503950423,40,36.03603603603604,11.991009449213763,109.0,739.0,368.0637948467118,40.33243665336336,63.000327380198286,8,251.0,58.70656985074915,58.70656985074915,3
DC-CHG-240-001,TXN-20260104-002,R3,2026-01-04 14:10:00,2026-01-04 16:00:00,110.0,1,1,111,29.97658492053587,30.0,29.439106859855293,60.0,60.0,47.42052344324779,68.05677358819241,27.163714554514385,68.05677358819241,40.89305903367803,0.3618138642331635,50,45.04504504504504,11.990633968214347,109.0,739.0,367.97710245163836,43.67606073547306,66.14940577281364,8,251.0,62.23334775506986,62.23334775506986,4
DC-CHG-240-001,TXN-20260104-002,R2,2026-01-04 14:10:00,2026-01-04 16:00:00,110.0,1,1,111,29.975924777388528,30.0,29.43928742137301,60.0,60.0,45.85022446484239,65.63763535390684,26.1882437859796,64.83546393028085,38.64722014430125,0.35728075986555624,45,40.54054054054054,11.99036991095541,109.0,739.0,368.03143891210044,41.960441234171576,64.21437145007204,8,251.0,60.87317460241026,60.87317460241026,5
DC-CHG-240-001,TXN-20260104-002,R6,2026-01-04 14:10:00,2026-01-04 16:00:00,110.0,0,0,0,0.0,0.0,0.0,0.0,0.0,22.98142034227138,27.9292700236072,18.02537275014672,22.98142034227138,0.0,0.0,0,0.0,0.0,109.0,739.0,147.595474431536,31.546869176501062,69.99880180406343,3,251.0,22.89730989021769,27.95796404577502,6
DC-CHG-240-001,TXN-20260104-002,R7,2026-01-04 14:10:00,2026-01-04 16:00:00,110.0,0,0,0,0.0,0.0,0.0,0.0,0.0,23.22165806377076,27.973662214982305,18.020613530857457,23.22165806377076,0.0,0.0,0,0.0,0.0,109.0,739.0,99.65312727507077,28.305184588063145,65.75737086129963,2,251.0,23.10942151837222,27.832886485710617,7
DC-CHG-240-001,TXN-20260104-002,R8,2026-01-04 14:10:00,2026-01-04 16:00:00,110.0,0,0,0,0.0,0.0,0.0,0.0,0.0,22.646118246186322,27.916151157661066,18.00585678138822,22.646118246186322,0.0,0.0,0,0.0,0.0,109.0,739.0,43.91562412821013,25.762238184465268,64.97480824871965,1,251.0,22.86485599866538,27.97738112536692,8
DC-CHG-240-001,TXN-20260104-003,R2,2026-01-04 17:53:00,2026-01-04 19:23:00,90.0,1,1,91,29.957996574840323,30.0,29.26419797086732,60.0,60.0,39.8229261214119,59.0648167303393,19.714384503190296,58.98845130023204,39.27406679704175,0.43915969617092104,23,25.274725274725274,11.983198629936128,219.0,849.0,422.9873010039794,42.392639370912775,65.63763535390684,9,113.0,64.83546393028085,65.63763535390684,1
DC-CHG-240-001,TXN-20260104-003,R4,2026-01-04 17:53:00,2026-01-04 19:23:00,90.0,1,1,91,29.955594852014844,30.0,29.27097604243774,60.0,60.0,41.86403521584023,61.48490343313743,21.28181618231421,61.48490343313743,40.20308725082322,0.4394699049205499,27,29.67032967032967,11.982237940805938,219.0,849.0,376.5899434359939,42.86656202304274,68.61988605188067,8,113.0,68.61988605188067,68.61988605188067,2
DC-CHG-240-001,TXN-20260104-003,R7,2026-01-04 17:53:00,2026-01-04 19:23:00,90.0,1,1,91,29.955484205752878,30.0,29.40260269282156,60.0,60.0,44.87443578671507,65.30172794881634,24.85260321598117,65.30172794881634,40.449124732835166,0.44194274133381295,33,36.26373626373626,11.982193682301151,219.0,849.0,99.65312727507077,27.740348307586217,65.75737086129963,2,113.0,23.22165806377076,27.973662214982305,3
DC-CHG-240-001,TXN-20260104-003,R3,2026-01-04 17:53:00,2026-01-04 19:23:00,90.0,1,1,91,29.950152217985746,30.0,29.24696733414824,60.0,60.0,40.891301522721804,60.79333844023595,20.65679761371124,60.79333844023595,39.02044765423011,0.43808364543248285,24,26.373626373626376,11.9800608871943,219.0,849.0,422.9341748059541,44.092112147448034,68.05677358819241,9,113.0,68.05677358819241,68.05677358819241,4
DC-CHG-240-001,TXN-20260104-003,R8,2026-01-04 17:53:00,2026-01-04 19:23:00,90.0,1,1,91,29.947785836235504,30.0,29.15310838045884,60.0,60.0,45.85752854597214,64.82098653208904,26.24583674850034,64.67862989683636,38.20819860588978,0.43944776007451497,35,38.46153846153847,11.979114334494202,219.0,849.0,43.91562412821013,25.416002635767608,64.97480824871965,1,113.0,22.646118246186322,27.916151157661066,5
DC-CHG-240-001,TXN-20260104-003,R1,2026-01-04 17:53:00,2026-01-04 19:23:00,90.0,1,1,91,29.947220240868425,30.0,29.31647537582239,60.0,60.0,38.79972954560396,58.63038505988038,18.33746650315509,57.84868373251549,39.5112172293604,0.43877768179930354,20,21.978021978021978,11.97888809634737,219.0,849.0,423.02258815560816,40.75293637029181,64.19117554634569,9,113.0,63.31829461672231,64.19117554634569,6
DC-CHG-240-001,TXN-20260104-003,R6,2026-01-04 17:53:00,2026-01-04 19:23:00,90.0,1,1,91,29.946408641407128,30.0,29.21554932848718,60.0,60.0,43.80644680129832,63.39756867111501,24.35807965690293,63.39756867111501,38.850754929849,0.440205687947579,31,34.065934065934066,11.978563456562851,219.0,849.0,147.595474431536,30.595152639364432,69.99880180406343,3,113.0,22.98142034227138,27.9292700236072,7
DC-CHG-240-001,TXN-20260104-003,R5,2026-01-04 17:53:00,2026-01-04 19:23:00,90.0,1,1,91,29.93981958583143,30.0,29.181085231407263,60.0,60.0,42.88120683007339,63.52059744722352,22.500282356837552,63.52059744722352,41.02031509038597,0.4391173873361914,28,30.76923076923077,11.975927834332571,219.0,849.0,294.16337492023575,38.60066696100903,71.07676135485026,6,113.0,71.07676135485026,71.07676135485026,8
DC-CHG-240-001,TXN-20260104-004,R5,2026-01-04 08:10:00,2026-01-04 09:59:00,109.0,1,1,110,29.916331368824416,30.0,28.880652083405987,60.74920245625619,62.74814821534368,45.56685827393293,64.9735455315731,25.94741682227731,64.9735455315731,38.31649871062318,0.36247848828556184,43,39.09090909090909,11.742398658092792,96.0,630.0,184.84895991430065,35.88375396460683,68.05601163505173,4,1252.0,67.32547326349237,67.82342395375233,1
DC-CHG-240-001,TXN-20260104-004,R3,2026-01-04 08:10:00,2026-01-04 09:59:00,109.0,1,1,110,29.902691606884755,30.0,28.762387546194606,60.79079555048836,62.96235373953266,42.33120813846073,62.23334775506986,23.51073241308392,62.23334775506986,38.722615341985936,0.35987974392214955,34,30.909090909090907,11.7246074880504,96.0,630.0,313.6538793657977,43.868182535046245,66.14940577281364,7,1252.0,65.23193546799234,65.23193546799234,2
DC-CHG-240-001,TXN-20260104-004,R1,2026-01-04 08:10:00,2026-01-04 09:59:00,109.0,1,1,110,29.91959790065582,30.0,28.861987990102868,60.90431287824847,62.9923893246097,39.10444898178522,58.70656985074915,18.726680989511724,58.70656985074915,39.95595245813223,0.3640911068495609,27,24.545454545454547,11.69727238332654,96.0,630.0,313.7098586605204,40.50786346358881,63.000327380198286,7,1252.0,63.000327380198286,63.000327380198286,3
DC-CHG-240-001,TXN-20260104-004,R2,2026-01-04 08:10:00,2026-01-04 09:59:00,109.0,1,1,110,29.910292857794975,30.0,28.934602754287454,60.892551170190764,62.9695383687408,40.838213303664425,60.87317460241026,20.649447298667813,60.87317460241026,40.22372730374245,0.36430531652768366,30,27.27272727272727,11.697152474208256,96.0,630.0,313.6944068871063,42.12075950995831,64.21437145007204,7,1252.0,64.21437145007204,64.21437145007204,4
DC-CHG-240-001,TXN-20260104-004,R4,2026-01-04 08:10:00,2026-01-04 09:59:00,109.0,1,1,110,29.912497748856037,30.0,28.816524189379745,60.984398714512245,62.98993782634463,43.88574658825508,64.21864911075471,23.663493634444592,64.21864911075471,40.55515547631012,0.3625133969829582,39,35.45454545454545,11.670540856224171,96.0,630.0,267.28474055769743,41.86247382794276,67.05211615041222,6,1252.0,66.05972832646255,66.14775597590952,5
DC-CHG-240-001,TXN-20260104-004,R6,2026-01-04 08:10:00,2026-01-04 09:59:00,109.0,0,0,0,0.0,0.0,0.0,0.0,0.0,22.89730989021769,27.95796404577502,18.1582684792716,22.89730989021769,0.0,0.0,0,0.0,0.0,96.0,630.0,147.595474431536,32.78252050311297,69.99880180406343,3,1252.0,69.28513547786552,69.99880180406343,6
DC-CHG-240-001,TXN-20260104-004,R7,2026-01-04 08:10:00,2026-01-04 09:59:00,109.0,0,0,0,0.0,0.0,0.0,0.0,0.0,23.10942151837222,27.832886485710617,18.027696239929032,23.10942151837222,0.0,0.0,0,0.0,0.0,96.0,630.0,99.65312727507077,29.04743645516185,65.75737086129963,2,1252.0,22.8313012247356,27.995570908504185,7
DC-CHG-240-001,TXN-20260104-004,R8,2026-01-04 08:10:00,2026-01-04 09:59:00,109.0,0,0,0,0.0,0.0,0.0,0.0,0.0,22.86485599866538,27.97738112536692,18.28678466735116,22.86485599866538,0.0,0.0,0,0.0,0.0,96.0,630.0,43.91562412821013,26.176149925293828,64.97480824871965,1,1252.0,22.95508198930012,27.908583774068312,8
DC-CHG-240-001,TXN-20260105-001,R5,2026-01-05 12:07:00,2026-01-05 13:53:00,106.0,1,1,107,29.969953731166683,30.0,29.22108524832389,99.6352636716528,102.0,46.016320846710705,66.25489060898383,26.015410571095607,65.95738022054535,39.94196964944974,0.37404849847828664,44,41.1214953271028,0.10931130884641384,466.0,1205.0,471.44274735321994,40.660331218311164,71.07676135485026,10,0.0,66.0502152715773,66.95626370772003,1
DC-CHG-240-001,TXN-20260105-001,R2,2026-01-05 12:07:00,2026-01-05 13:53:00,106.0,1,1,107,29.972608821747748,30.0,29.450929748754284,99.64164843936076,102.0,42.11074985356451,62.70024039727399,22.215968148739407,62.70024039727399,40.48427224853458,0.3728484089576385,34,31.775700934579437,0.10740731147702619,466.0,1205.0,600.3149124953686,42.20202803885119,65.63763535390684,13,0.0,63.17882484850883,63.17882484850883,2
DC-CHG-240-001,TXN-20260105-001,R3,2026-01-05 12:07:00,2026-01-05 13:53:00,106.0,1,1,107,29.964040348513812,30.0,29.33443556860257,99.76096722292417,102.0,43.44981893345166,62.80511820276296,23.872718585991453,62.80511820276296,38.30120496374178,0.37383978471721774,37,34.57943925233645,0.07162387776917618,466.0,1205.0,600.2557543997893,43.753688030126796,68.05677358819241,13,0.0,64.2798762333847,64.2798762333847,3
DC-CHG-240-001,TXN-20260105-001,R6,2026-01-05 12:07:00,2026-01-05 13:53:00,106.0,1,1,107,29.970955310206552,30.0,29.418053156642426,99.8655873924411,102.0,47.414146738888896,67.85444445467459,27.59936767581256,66.8246353501226,38.46273229893083,0.3740911779563641,46,42.99065420560748,0.04028474254276132,466.0,1205.0,324.8695085230711,35.476897116518096,69.99880180406343,7,0.0,68.37802399872733,68.37802399872733,4
DC-CHG-240-001,TXN-20260105-001,R1,2026-01-05 12:07:00,2026-01-05 13:53:00,106.0,1,1,107,29.965217334902018,30.0,29.389216879012768,99.88584788522104,102.0,40.872010135491536,60.29476241331929,21.113087692004783,60.126147377028026,39.013059685023244,0.37429114690650506,30,28.037383177570092,0.03420592928590228,466.0,1205.0,600.3272380295468,40.709223449551196,64.19117554634569,13,0.0,61.08493228930583,61.08493228930583,5
DC-CHG-240-001,TXN-20260105-001,R7,2026-01-05 12:07:00,2026-01-05 13:53:00,106.0,0,0,0,0.0,0.0,0.0,0.0,0.0,22.92800319906232,27.943431390539025,18.17981539305244,22.92800319906232,0.0,0.0,0,0.0,0.0,466.0,1205.0,192.72449637224267,29.930484962242947,68.9850158829221,4,0.0,23.06787240295746,27.95012870857962,6
DC-CHG-240-001,TXN-20260105-001,R8,2026-01-05 12:07:00,2026-01-05 13:53:00,106.0,0,0,0,0.0,0.0,0.0,0.0,0.0,23.29280877732741,27.9666193984476,18.03455831518577,23.29280877732741,0.0,0.0,0,0.0,0.0,466.0,1205.0,136.99260850887003,28.456679824451438,68.93582818348386,3,0.0,22.91348009555429,27.87655674688798,7
DC-CHG-240-001,TXN-20260105-001,R4,2026-01-05 12:07:00,2026-01-05 13:53:00,106.0,1,1,107,29.966781466967056,30.0,29.3533930548854,100.0150248402542,102.0,44.78898517478307,64.02276810976882,24.344611256052332,64.02276810976882,39.67815685371649,0.37285632139151736,38,35.51401869158878,-0.004502461044736722,466.0,1205.0,553.889108937084,43.25511853714194,68.61988605188067,12,0.0,66.09544485778326,66.09544485778326,8
DC-CHG-240-001,TXN-20260105-002,R5,2026-01-05 06:19:00,2026-01-05 07:26:00,67.0,1,1,68,29.973808971762157,30.0,29.5508554687975,66.32306808705619,69.61629950417019,45.053931301353906,64.7128835226411,25.08454407417788,64.10228384373691,39.01773976955903,0.5939691122985913,27,39.705882352941174,10.094259239136186,406.0,1036.0,387.1921175977328,39.693554078518304,71.07676135485026,8,557.0,66.45507756800973,66.45507756800973,1
DC-CHG-240-001,TXN-20260105-002,R4,2026-01-05 06:19:00,2026-01-05 07:26:00,67.0,1,1,68,29.982671044514433,30.0,29.68454105949359,66.35174609131677,69.65802209345989,43.67711559341012,64.09942084639312,23.434877778356736,64.09942084639312,40.66454306803638,0.5913719266892297,24,35.294117647058826,10.088645281663464,406.0,1036.0,469.6445309990894,43.02089046485343,68.61988605188067,10,557.0,66.2147698751136,66.2147698751136,2
DC-CHG-240-001,TXN-20260105-002,R3,2026-01-05 06:19:00,2026-01-05 07:26:00,67.0,1,1,68,29.98120417338184,30.0,29.69519793646367,66.76582903521881,69.64088279778254,42.45800097957957,62.51984921500758,22.22931756981968,62.51984921500758,40.2905316451879,0.5914463810424835,22,32.35294117647059,9.964004652281833,406.0,1036.0,515.994714308317,43.83325231547242,68.05677358819241,11,557.0,64.1674184040011,64.1674184040011,3
DC-CHG-240-001,TXN-20260105-002,R2,2026-01-05 06:19:00,2026-01-05 07:26:00,67.0,1,1,68,29.97394230542086,30.0,29.54249281559817,66.84978365339869,69.65566008422209,41.19508631524202,60.86973270976793,20.66308488652444,59.99863273634339,39.33554784981895,0.5899211519161179,19,27.941176470588236,9.936426721852472,406.0,1036.0,516.0643014785945,42.24481723388805,65.63763535390684,11,557.0,63.2126808507623,63.2126808507623,4
DC-CHG-240-001,TXN-20260105-002,R6,2026-01-05 06:19:00,2026-01-05 07:26:00,67.0,1,1,68,29.97294140471246,30.0,29.54440381593829,66.92024725214145,69.63180274825426,46.46070356467174,65.81825172800293,25.94284063797197,65.81825172800293,39.875411090030966,0.5824443292679392,28,41.17647058823529,9.914974907939403,406.0,1036.0,240.62221768683713,33.32408918679019,69.99880180406343,5,557.0,66.32526112494274,66.75162106278414,5
DC-CHG-240-001,TXN-20260105-002,R1,2026-01-05 06:19:00,2026-01-05 07:26:00,67.0,1,1,68,29.98386186954954,30.0,29.604132352498087,67.03561908172907,69.51002815588068,39.720624156362504,59.80405625944272,20.11892189203837,59.80405625944272,39.685134367404345,0.5986473497342358,17,25.0,9.883994440686502,406.0,1036.0,516.051344695909,40.72726169282864,64.19117554634569,11,557.0,61.7061470993233,62.30903291290712,6
DC-CHG-240-001,TXN-20260105-002,R7,2026-01-05 06:19:00,2026-01-05 07:26:00,67.0,0,0,0,0.0,0.0,0.0,0.0,0.0,23.022978467104117,27.77513961446405,18.17418036970242,23.022978467104117,0.0,0.0,0,0.0,0.0,406.0,1036.0,192.72449637224267,31.182313967190613,68.9850158829221,4,557.0,68.9850158829221,68.9850158829221,7
DC-CHG-240-001,TXN-20260105-002,R8,2026-01-05 06:19:00,2026-01-05 07:26:00,67.0,0,0,0,0.0,0.0,0.0,0.0,0.0,22.950436842421144,27.82999231593752,18.001779849920286,22.950436842421144,0.0,0.0,0,0.0,0.0,406.0,1036.0,136.99260850887003,29.461174616353933,68.93582818348386,3,557.0,68.93582818348386,68.93582818348386,8
DC-CHG-240-001,TXN-20260105-003,R1,2026-01-05 10:42:00,2026-01-05 12:24:00,102.0,1,1,103,29.87877308586715,30.0,28.777578534835367,60.0,60.0,41.499402066687914,61.08493228930583,21.87941636807027,61.08493228930583,39.20551592123556,0.3901119187995337,28,27.184466019417474,11.951509234346858,364.0,1103.0,549.5333237835727,40.64337523145647,64.19117554634569,12,196.0,59.80405625944272,59.80405625944272,1
DC-CHG-240-001,TXN-20260105-003,R3,2026-01-05 10:42:00,2026-01-05 12:24:00,102.0,1,1,103,29.87178162619366,30.0,28.719051752246987,60.0,60.0,44.17416794187211,64.2798762333847,24.771036202643405,64.2798762333847,39.5088400307413,0.3874085940534117,36,34.95145631067961,11.948712650477464,364.0,1103.0,549.47372563526,43.71864803748135,68.05677358819241,12,196.0,62.51984921500758,62.51984921500758,2
DC-CHG-240-001,TXN-20260105-003,R5,2026-01-05 10:42:00,2026-01-05 12:24:00,102.0,1,1,103,29.870515531580057,30.0,28.72175118187985,60.0,60.0,46.90127967298992,66.95626370772003,26.254835262551094,66.0502152715773,39.7953800090262,0.38763008255881515,45,43.689320388349515,11.948206212632023,364.0,1103.0,420.66287094953384,40.140252180421264,71.07676135485026,9,196.0,64.10228384373691,64.7128835226411,3
DC-CHG-240-001,TXN-20260105-003,R2,2026-01-05 10:42:00,2026-01-05 12:24:00,102.0,1,1,103,29.870416926894553,30.0,28.819503373551168,60.0,60.0,42.738288617054884,63.17882484850883,22.72707218365425,63.17882484850883,39.32257823014493,0.3901676937690617,33,32.038834951456316,11.94816677075782,364.0,1103.0,549.5352037196478,42.15733965733421,65.63763535390684,12,196.0,59.99863273634339,60.86973270976793,4
DC-CHG-240-001,TXN-20260105-003,R6,2026-01-05 10:42:00,2026-01-05 12:24:00,102.0,1,1,103,29.869121333904946,30.0,28.75941046213069,60.0,60.0,48.17397789537135,68.37802399872733,27.37220866624141,68.37802399872733,41.00581533248592,0.38889568139606207,48,46.601941747572816,11.947648533561978,364.0,1103.0,274.0920022554327,34.418807051613655,69.99880180406343,6,196.0,65.81825172800293,65.81825172800293,5
DC-CHG-240-001,TXN-20260105-003,R4,2026-01-05 10:42:00,2026-01-05 12:24:00,102.0,1,1,103,29.86113447350201,30.0,28.659849478241224,60.0,60.0,45.409630276047494,66.09544485778326,25.157184087531835,66.09544485778326,40.93826077025143,0.3901785208057709,39,37.86407766990291,11.944453789400804,364.0,1103.0,503.12518033213047,43.075575892233154,68.61988605188067,11,196.0,64.09942084639312,64.09942084639312,6
DC-CHG-240-001,TXN-20260105-003,R7,2026-01-05 10:42:00,2026-01-05 12:24:00,102.0,0,0,0,0.0,0.0,0.0,0.0,0.0,23.06787240295746,27.95012870857962,18.12700778937637,23.06787240295746,0.0,0.0,0,0.0,0.0,364.0,1103.0,192.72449637224267,30.502369342183403,68.9850158829221,4,196.0,23.022978467104117,27.77513961446405,7
DC-CHG-240-001,TXN-20260105-003,R8,2026-01-05 10:42:00,2026-01-05 12:24:00,102.0,0,0,0,0.0,0.0,0.0,0.0,0.0,22.91348009555429,27.87655674688798,18.030198608143376,22.91348009555429,0.0,0.0,0,0.0,0.0,364.0,1103.0,136.99260850887003,28.918613135192867,68.93582818348386,3,196.0,22.950436842421144,27.82999231593752,8
DC-CHG-240-001,TXN-20260105-004,R5,2026-01-05 13:52:00,2026-01-05 15:48:00,116.0,1,1,117,29.951323718378834,30.0,29.09739281111255,71.15035841715239,74.42220958995387,43.16948574031052,63.827068667056125,22.435221015108496,63.827068667056125,41.39184765194763,0.3402022122537769,38,32.47863247863248,8.64084954207072,572.0,1311.0,524.3896656116144,41.04290190605399,71.07676135485026,11,0.0,65.95738022054535,66.25489060898383,1
DC-CHG-240-001,TXN-20260105-004,R6,2026-01-05 13:52:00,2026-01-05 15:48:00,116.0,1,1,117,29.959886370159346,30.0,29.156192954959373,71.31694469531594,74.3108782996205,44.24824622409786,63.46966403289735,24.479105457360117,63.1921174950867,38.5577527953782,0.3425141726248456,43,36.75213675213676,8.593410776773307,572.0,1311.0,377.8181962377693,36.3295578038303,69.99880180406343,8,0.0,66.8246353501226,67.85444445467459,2
DC-CHG-240-001,TXN-20260105-004,R2,2026-01-05 13:52:00,2026-01-05 15:48:00,116.0,1,1,117,29.953660584745347,30.0,29.08893018797115,71.37141109032125,74.4201267552362,39.713053664279315,59.464548333533806,19.73136620219724,59.08503983139511,39.35367362919787,0.34210130701551095,29,24.786324786324787,8.575310352207223,572.0,1311.0,653.2665214137895,42.195508168473566,65.63763535390684,14,0.0,62.70024039727399,62.70024039727399,3
DC-CHG-240-001,TXN-20260105-004,R3,2026-01-05 13:52:00,2026-01-05 15:48:00,116.0,1,1,117,29.95463920628972,30.0,29.155368973826228,71.46116358341877,74.38957450621596,40.79155648682837,60.404831826843015,20.606413416754634,60.0362110408746,39.42979762411996,0.3434324547184278,30,25.64102564102564,8.54870548226013,572.0,1311.0,653.1922256821637,43.73198309465,68.05677358819241,14,0.0,62.80511820276296,62.80511820276296,4
DC-CHG-240-001,TXN-20260105-004,R1,2026-01-05 13:52:00,2026-01-05 15:48:00,116.0,1,1,117,29.93917493937235,30.0,29.15641730166259,71.4564430523501,74.40261038378891,38.52356131586593,58.69396145961132,17.732925453478646,58.69396145961132,40.96103600613267,0.34537807343118176,24,20.51282051282051,8.545705448476275,572.0,1311.0,653.2657886545403,40.7208510699755,64.19117554634569,14,0.0,60.126147377028026,60.29476241331929,5
DC-CHG-240-001,TXN-20260105-004,R4,2026-01-05 13:52:00,2026-01-05 15:48:00,116.0,1,1,117,29.94815932654798,30.0,29.202224669008324,71.5170317827321,74.42104177326146,41.9350713090434,62.458122235343446,22.27933878525944,62.458122235343446,39.79578903658223,0.3413421578383078,36,30.76923076923077,8.530124702637412,572.0,1311.0,606.830422862059,43.36468043983059,68.61988605188067,13,0.0,64.02276810976882,64.02276810976882,6
DC-CHG-240-001,TXN-20260105-004,R7,2026-01-05 13:52:00,2026-01-05 15:48:00,116.0,1,1,117,29.949373010607538,30.0,29.21854206987248,71.52969033172681,74.37603749693292,45.390762712868536,65.53705119754673,25.00560285714135,65.10821786489034,40.10261500774898,0.34233802795954194,44,37.60683760683761,8.5266792398262,572.0,1311.0,192.72449637224267,29.43030769344433,68.9850158829221,4,0.0,22.92800319906232,27.943431390539025,7
DC-CHG-240-001,TXN-20260105-004,R8,2026-01-05 13:52:00,2026-01-05 15:48:00,116.0,0,0,0,0.0,0.0,0.0,0.0,0.0,23.344617165065973,27.978365853619277,18.176126817437485,23.344617165065973,0.0,0.0,0,0.0,0.0,572.0,1311.0,136.99260850887003,28.087831892514007,68.93582818348386,3,0.0,23.29280877732741,27.9666193984476,8
DC-CHG-240-001,TXN-20260105-005,R4,2026-01-05 14:56:00,2026-01-05 16:14:00,78.0,1,1,79,29.90266495046548,30.0,29.028016067469707,74.88548424447794,77.95097731478327,50.40379080485261,69.48540398055819,30.22101121884778,69.28730862988726,39.066297411039486,0.5080336089252769,40,50.63291139240506,7.509909500305627,578.0,1427.0,664.7301975600518,43.26937316444479,68.61988605188067,14,0.0,62.458122235343446,62.458122235343446,1
DC-CHG-240-001,TXN-20260105-005,R2,2026-01-05 14:56:00,2026-01-05 16:14:00,78.0,1,1,79,29.921180078780328,30.0,29.02800382631445,74.95828405488767,77.93689330414458,46.35494936034096,66.19614432653049,25.76320393922746,66.19614432653049,40.43294038730303,0.5052478672558466,32,40.50632911392405,7.492776922753706,578.0,1427.0,711.1769318776306,42.03001120152728,65.63763535390684,15,0.0,59.08503983139511,59.464548333533806,2
DC-CHG-240-001,TXN-20260105-005,R1,2026-01-05 14:56:00,2026-01-05 16:14:00,78.0,1,1,79,29.92393921455786,30.0,29.320527543851156,75.08371673568739,77.95500720261568,44.30628008124486,64.130078229404,24.975987812811866,64.130078229404,39.15409041659214,0.5048344013730112,28,35.44303797468354,7.455933458539959,578.0,1427.0,711.1481935373268,40.574365086368196,64.19117554634569,15,0.0,58.69396145961132,58.69396145961132,3
DC-CHG-240-001,TXN-20260105-005,R3,2026-01-05 14:56:00,2026-01-05 16:14:00,78.0,1,1,79,29.911239767024544,30.0,28.992695748127083,75.18130125847959,77.99646643032835,48.402202233106514,69.09546578573718,28.77170526232112,69.09546578573718,40.323760523416055,0.5114024201572869,37,46.835443037974684,7.423580487631671,578.0,1427.0,711.1045281476571,43.53595465412856,68.05677358819241,15,0.0,60.0362110408746,60.404831826843015,4
DC-CHG-240-001,TXN-20260105-005,R5,2026-01-05 14:56:00,2026-01-05 16:14:00,78.0,0,0,0,0.0,0.0,0.0,0.0,0.0,23.128650365413993,27.94182858570232,18.04998197309993,23.128650365413993,0.0,0.0,0,0.0,0.0,578.0,1427.0,582.2955581338135,41.18467416167109,71.07676135485026,12,0.0,63.827068667056125,63.827068667056125,5
DC-CHG-240-001,TXN-20260105-005,R6,2026-01-05 14:56:00,2026-01-05 16:14:00,78.0,0,0,0,0.0,0.0,0.0,0.0,0.0,22.385094003551,27.810025659877184,18.054437814860243,22.385094003551,0.0,0.0,0,0.0,0.0,578.0,1427.0,435.7406432200774,36.85747036518147,69.99880180406343,9,0.0,63.1921174950867,63.46966403289735,6
DC-CHG-240-001,TXN-20260105-005,R7,2026-01-05 14:56:00,2026-01-05 16:14:00,78.0,0,0,0,0.0,0.0,0.0,0.0,0.0,23.095086838927656,27.97761323016008,18.08856418134545,23.095086838927656,0.0,0.0,0,0.0,0.0,578.0,1427.0,250.6266175260839,30.49433802807261,68.9850158829221,5,0.0,65.10821786489034,65.53705119754673,7
DC-CHG-240-001,TXN-20260105-005,R8,2026-01-05 14:56:00,2026-01-05 16:14:00,78.0,0,0,0,0.0,0.0,0.0,0.0,0.0,23.148354554936326,27.95382768383606,18.003711607451056,23.148354554936326,0.0,0.0,0,0.0,0.0,578.0,1427.0,136.99260850887003,27.771617577350806,68.93582818348386,3,0.0,23.344617165065973,27.978365853619277,8
DC-CHG-240-001,TXN-20260106-001,R7,2026-01-06 21:09:00,2026-01-06 22:31:00,82.0,1,1,83,29.73892689057384,30.0,28.767587463512527,60.0,60.0,46.11504938029696,65.11655492375603,26.80839224556924,65.11655492375603,37.995822621694195,0.47943990676827397,35,42.168674698795186,11.895570756229535,0.0,1505.0,250.6266175260839,30.03188482875105,68.9850158829221,5,1735.0,23.095086838927656,27.97761323016008,1
DC-CHG-240-001,TXN-20260106-001,R5,2026-01-06 21:09:00,2026-01-06 22:31:00,82.0,1,1,83,29.736013101861083,30.0,28.436130549240357,60.0,60.0,44.00024824056601,63.60121692925721,23.21543388279364,63.60121692925721,40.38578304646357,0.4817527866780175,29,34.93975903614458,11.894405240744433,0.0,1505.0,582.2955581338135,40.05617267440502,71.07676135485026,12,1735.0,23.128650365413993,27.94182858570232,2
DC-CHG-240-001,TXN-20260106-001,R2,2026-01-06 21:09:00,2026-01-06 22:31:00,82.0,1,1,83,29.734483934530484,30.0,28.29565773510713,60.0,60.0,40.3817129324768,59.97817232545253,20.312509420464025,59.540156458804255,39.22764703834023,0.4822612667510688,21,25.301204819277107,11.893793573812193,0.0,1505.0,750.0744659800451,42.30031983645314,66.19614432653049,16,1735.0,66.19614432653049,66.19614432653049,3
DC-CHG-240-001,TXN-20260106-001,R6,2026-01-06 21:09:00,2026-01-06 22:31:00,82.0,1,1,83,29.732322314276267,30.0,28.47270945367157,60.0,60.0,45.09630480361469,64.7206045528677,25.557007701618176,64.7206045528677,38.515635968445864,0.48370311176701414,31,37.34939759036144,11.892928925710507,0.0,1505.0,435.74064322007746,35.952946842579564,69.99880180406343,9,1735.0,22.385094003551,27.810025659877184,4
DC-CHG-240-001,TXN-20260106-001,R1,2026-01-06 21:09:00,2026-01-06 22:31:00,82.0,1,1,83,29.727575227832787,30.0,28.380796997221296,60.0,60.0,39.22197271238733,58.7120028023768,19.13812001994834,58.21955820471334,39.081438184765,0.4824864392190612,19,22.89156626506024,11.891030091133116,0.0,1505.0,750.0493145162523,40.807609773547995,64.19117554634569,16,1735.0,64.130078229404,64.130078229404,5
DC-CHG-240-001,TXN-20260106-001,R3,2026-01-06 21:09:00,2026-01-06 22:31:00,82.0,1,1,83,29.723216201094008,30.0,28.27821255641675,60.0,60.0,41.614451040586346,61.90757560577194,20.904640025127986,61.90757560577194,41.00293558064395,0.47797016304750284,24,28.915662650602407,11.889286480437605,0.0,1505.0,749.9891398447891,43.84009512781468,69.09546578573718,16,1735.0,69.09546578573718,69.09546578573718,6
DC-CHG-240-001,TXN-20260106-001,R4,2026-01-06 21:09:00,2026-01-06 22:31:00,82.0,1,1,83,29.71916404873067,30.0,28.42197474451604,60.0,60.0,42.70536725852805,62.87565890137531,22.454875016029565,62.87565890137531,40.42078388534574,0.48280223300112357,27,32.53012048192771,11.887665619492267,0.0,1505.0,703.6036619956569,43.715274266970276,69.48540398055819,15,1735.0,69.28730862988726,69.48540398055819,7
DC-CHG-240-001,TXN-20260106-001,R8,2026-01-06 21:09:00,2026-01-06 22:31:00,82.0,0,0,0,0.0,0.0,0.0,0.0,0.0,22.92535440761349,27.90145875242883,18.004645529255416,22.92535440761349,0.0,0.0,0,0.0,0.0,0.0,1505.0,136.99260850887003,27.4826636384499,68.93582818348386,3,1735.0,23.148354554936326,27.95382768383606,8
DC-CHG-240-001,TXN-20260107-001,R3,2026-01-07 21:11:00,2026-01-07 22:45:00,94.0,1,1,95,29.872928845701825,30.0,28.817040224090427,60.0,60.0,41.11945166726615,61.67843634697925,20.477507310062578,61.67843634697925,41.20092903691667,0.4219616826962811,26,27.368421052631582,11.94917153828073,379.0,1966.0,978.932534293063,43.636682171176005,69.09546578573718,21,0.0,62.60139257257674,62.60139257257674,1
DC-CHG-240-001,TXN-20260107-001,R2,2026-01-07 21:11:00,2026-01-07 22:45:00,94.0,1,1,95,29.863584288920997,30.0,28.8146048466392,60.0,60.0,40.014503287385324,60.80630778646906,20.28676839578771,60.80630778646906,40.372113080652966,0.42289029797914374,24,25.263157894736842,11.945433715568399,379.0,1966.0,979.01240686372,42.100842166122305,66.19614432653049,21,0.0,60.8218149177198,61.31753245647639,2
DC-CHG-240-001,TXN-20260107-001,R1,2026-01-07 21:11:00,2026-01-07 22:45:00,94.0,1,1,95,29.861514881441828,30.0,28.815173474173545,60.0,60.0,39.067673277409796,58.15123831748107,18.758351108501454,58.15123831748107,39.392887208979616,0.41665206857389675,22,23.157894736842106,11.94460595257673,379.0,1966.0,979.0124086092642,40.61342151499913,64.19117554634569,21,0.0,59.32929984795653,59.73070449413369,3
DC-CHG-240-001,TXN-20260107-001,R4,2026-01-07 21:11:00,2026-01-07 22:45:00,94.0,1,1,95,29.853032921760313,30.0,28.64948291563349,60.0,60.0,42.064989169873286,62.73625810910908,22.06008743932245,62.73625810910908,40.096170919087406,0.4238386588733186,30,31.57894736842105,11.941213168704126,379.0,1966.0,888.730213432769,42.67237812497525,69.48540398055819,19,0.0,64.22892438821576,64.22892438821576,4
DC-CHG-240-001,TXN-20260107-001,R5,2026-01-07 21:11:00,2026-01-07 22:45:00,94.0,1,1,95,29.851624422209994,30.0,28.89830489012906,60.0,60.0,43.0980761805163,63.36944717402742,23.36745838197859,63.36944717402742,40.001988792048834,0.4228748905830796,31,32.631578947368425,11.940649768883997,379.0,1966.0,767.4524013773678,40.130312607253494,71.07676135485026,16,0.0,65.08459346988761,65.08459346988761,5
DC-CHG-240-001,TXN-20260107-001,R8,2026-01-07 21:11:00,2026-01-07 22:45:00,94.0,1,1,95,29.85017240849115,30.0,28.83778123502636,60.0,60.0,46.0247247880883,65.66296595917896,26.503640909708995,65.43742871171456,38.58779092870561,0.41953915383944423,37,38.94736842105263,11.940068963396461,379.0,1966.0,136.99260850887003,26.409487823004383,68.93582818348386,3,0.0,23.33441102023553,27.929624435838363,6
DC-CHG-240-001,TXN-20260107-001,R6,2026-01-07 21:11:00,2026-01-07 22:45:00,94.0,1,1,95,29.84900249600773,30.0,28.7672117981353,60.0,60.0,44.01326928556379,64.54761767937799,24.23681196542696,64.54761767937799,39.40411396633448,0.4178005663912358,32,33.68421052631579,11.939600998403094,379.0,1966.0,620.8733246197365,37.226323276206166,69.99880180406343,13,0.0,65.61090768492147,65.61090768492147,7
DC-CHG-240-001,TXN-20260107-001,R7,2026-01-07 21:11:00,2026-01-07 22:45:00,94.0,1,1,95,29.84244343243044,30.0,28.7661474512794,60.0,60.0,45.04526737497305,65.30815316004276,24.977529591379447,65.30815316004276,40.33062356866331,0.42027220889293715,34,35.78947368421053,11.936977372972176,379.0,1966.0,385.09858558356933,31.674492071478987,68.9850158829221,8,0.0,66.97605770566392,66.97605770566392,8
DC-CHG-240-001,TXN-20260107-002,R1,2026-01-07 11:29:00,2026-01-07 13:11:00,102.0,1,1,103,29.800515113174555,30.0,28.704487424538392,99.69875070110699,102.0,41.22861225679568,61.37623342703333,21.35163191347304,61.37623342703333,40.024601513560285,0.38911922387936926,28,27.184466019417474,0.08977384284494443,170.0,1675.0,834.5168941268126,40.71210712296344,64.19117554634569,18,204.0,59.668505377877445,59.79611931287232,1
DC-CHG-240-001,TXN-20260107-002,R6,2026-01-07 11:29:00,2026-01-07 13:11:00,102.0,1,1,103,29.795718710915935,30.0,28.51337885212745,99.72947211052868,102.0,47.85137787601975,68.03853465688063,27.88078022415441,68.03853465688063,39.63040774392046,0.38900315646840256,45,43.689320388349515,0.08060572898145343,170.0,1675.0,476.37481704958833,35.75982830911321,69.99880180406343,10,204.0,23.333455279150105,27.975371910246587,2
DC-CHG-240-001,TXN-20260107-002,R5,2026-01-07 11:29:00,2026-01-07 13:11:00,102.0,1,1,103,29.79714969608781,30.0,28.43428004346344,99.74833056752684,102.0,46.47489539235129,66.86906690693895,25.730458393084938,66.86906690693895,41.13860851385402,0.38912741963278413,43,41.74757281553398,0.07499031753332347,170.0,1675.0,622.9347760396903,39.34006043908186,71.07676135485026,13,204.0,23.2220768724272,27.951455825455515,3
DC-CHG-240-001,TXN-20260107-002,R3,2026-01-07 11:29:00,2026-01-07 13:11:00,102.0,1,1,103,29.78025618506308,30.0,28.64889072467744,99.82310154526904,102.0,43.84765509058893,63.58607022554468,23.88450500008086,63.58607022554468,39.701565225463824,0.3883997501139247,34,33.00970873786408,0.05268081300629773,170.0,1675.0,834.4522661176147,43.83878093977468,69.09546578573718,18,204.0,65.49867095347125,65.49867095347125,4
DC-CHG-240-001,TXN-20260107-002,R7,2026-01-07 11:29:00,2026-01-07 13:11:00,102.0,0,0,0,0.0,0.0,0.0,0.0,0.0,23.182473951566685,27.97467518979743,18.01596465982255,23.182473951566685,0.0,0.0,0,0.0,0.0,170.0,1675.0,291.26981760986814,30.516955059484317,68.9850158829221,6,204.0,22.67998443040394,27.95322681482823,5
DC-CHG-240-001,TXN-20260107-002,R8,2026-01-07 11:29:00,2026-01-07 13:11:00,102.0,0,0,0,0.0,0.0,0.0,0.0,0.0,22.35279790553963,27.88079296359037,18.011327470543335,22.35279790553963,0.0,0.0,0,0.0,0.0,170.0,1675.0,136.99260850887003,26.994414645440987,68.93582818348386,3,204.0,23.25149099512589,27.98296140808621,6
DC-CHG-240-001,TXN-20260107-002,R2,2026-01-07 11:29:00,2026-01-07 13:11:00,102.0,1,1,103,29.797386492856862,30.0,28.50975766039491,100.05975799690555,102.0,42.44079375341374,61.78236931986027,22.41715465140619,61.78236931986027,39.36521466845409,0.3891728727989191,33,32.038834951456316,-0.01780632129833497,170.0,1675.0,834.540411766678,42.248696832767706,66.19614432653049,18,204.0,63.01246515394391,63.0639538296888,7
DC-CHG-240-001,TXN-20260107-002,R4,2026-01-07 11:29:00,2026-01-07 13:11:00,102.0,1,1,103,29.790109588998355,30.0,28.367240503700184,100.2114792580001,102.0,45.154107590685996,65.5179358545745,24.817209029722243,65.03719578798481,39.95269009794755,0.3903924049815508,38,36.89320388349515,-0.06299990271622935,170.0,1675.0,744.2198528622555,42.51144752813433,69.48540398055819,16,204.0,23.056299976365466,27.96241419295187,8
DC-CHG-240-001,TXN-20260107-003,R7,2026-01-07 21:02:00,2026-01-07 22:35:00,93.0,1,1,94,29.761741166568687,30.0,28.37779700328621,71.25157028237646,74.40752318995666,47.21238159314482,66.97605770566392,26.92068509398925,66.97605770566392,39.539493331192276,0.423920649344347,40,42.5531914893617,8.55603324201203,368.0,1873.0,338.96788677538785,30.897597595395695,68.9850158829221,7,212.0,66.12160166936519,66.12160166936519,1
DC-CHG-240-001,TXN-20260107-003,R6,2026-01-07 21:02:00,2026-01-07 22:35:00,93.0,1,1,94,29.74633843658898,30.0,28.46439502418252,71.28425880917077,74.38335359851634,45.982917631251624,65.61090768492147,26.359636569102395,65.61090768492147,38.59134946659019,0.4248734517438939,37,39.361702127659576,8.541881559199052,368.0,1873.0,574.7665000430236,36.78849355845389,69.99880180406343,12,212.0,63.40001599563166,64.11661029068595,2
DC-CHG-240-001,TXN-20260107-003,R4,2026-01-07 21:02:00,2026-01-07 22:35:00,93.0,1,1,94,29.762381225862313,30.0,28.411828099787968,71.38199689062876,74.41593105994905,43.769735289103686,64.22892438821576,23.103371869980883,64.22892438821576,41.125552518234876,0.4273764837371138,32,34.04255319148936,8.5173991846402,368.0,1873.0,842.5985225326824,42.61751026676883,69.48540398055819,18,212.0,61.477295415248015,61.872166620754975,3
DC-CHG-240-001,TXN-20260107-003,R1,2026-01-07 21:02:00,2026-01-07 22:35:00,93.0,1,1,94,29.755053942347843,30.0,28.599433429519085,71.38003687047065,74.34592823881985,40.30250069983857,59.73070449413369,20.061856386731588,59.32929984795653,39.26744346122494,0.4265139179658262,24,25.53191489361702,8.515885467471522,368.0,1873.0,932.892074998625,40.62896755575716,64.19117554634569,20,212.0,58.39614715831887,58.39614715831887,4
DC-CHG-240-001,TXN-20260107-003,R5,2026-01-07 21:02:00,2026-01-07 22:35:00,93.0,1,1,94,29.74890453705489,30.0,28.37383318526706,71.38055173939229,74.26372264942509,44.91150482002086,65.08459346988761,25.459591980329023,65.08459346988761,39.32810537676734,0.4228492454939672,35,37.234042553191486,8.513972342080004,368.0,1873.0,721.3415993449327,39.89125299661513,71.07676135485026,15,212.0,62.16058483769462,62.780677071742446,5
DC-CHG-240-001,TXN-20260107-003,R2,2026-01-07 21:02:00,2026-01-07 22:35:00,93.0,1,1,94,29.7331343776581,30.0,28.38700146650913,71.66706411363796,74.38619531935905,41.443740359940115,61.31753245647639,21.97444496347773,60.8218149177198,38.84736995424207,0.42105460580906995,26,27.659574468085108,8.424269900227738,368.0,1873.0,932.92604857835,42.13369725643142,66.19614432653049,20,212.0,59.855199123642656,59.855199123642656,6
DC-CHG-240-001,TXN-20260107-003,R3,2026-01-07 21:02:00,2026-01-07 22:35:00,93.0,1,1,94,29.750553160543568,30.0,28.274889992290717,71.69848123319673,74.32306263043965,42.51800470032136,62.60139257257674,22.817514875839752,62.60139257257674,39.783877696736994,0.42528217788107814,30,31.914893617021278,8.41985838595902,368.0,1873.0,932.8191768942204,43.69261604471874,69.09546578573718,20,212.0,61.54988376494016,61.54988376494016,7
DC-CHG-240-001,TXN-20260107-003,R8,2026-01-07 21:02:00,2026-01-07 22:35:00,93.0,0,0,0,0.0,0.0,0.0,0.0,0.0,23.33441102023553,27.929624435838363,18.05068585497136,23.33441102023553,0.0,0.0,0,0.0,0.0,368.0,1873.0,136.99260850887003,26.563241663142826,68.93582818348386,3,212.0,23.012571739379165,27.993919904652863,8
DC-CHG-240-001,TXN-20260107-004,R1,2026-01-07 06:37:00,2026-01-07 08:05:00,88.0,1,1,89,29.89083645399246,30.0,28.844592579610307,66.38690940226074,69.50438124112675,40.67419912418665,59.79611931287232,20.390058706181453,59.668505377877445,39.27844667169599,0.4516119802016828,23,25.842696629213485,10.047233937702558,82.0,1587.0,790.677000660957,40.71433700524443,64.19117554634569,17,486.0,58.21955820471334,58.7120028023768,1
DC-CHG-240-001,TXN-20260107-004,R3,2026-01-07 06:37:00,2026-01-07 08:05:00,88.0,1,1,89,29.8918619077254,30.0,28.92608749814608,66.7680453721707,69.5775903352926,46.04208383032298,65.49867095347125,26.26753219470836,65.49867095347125,39.23113875876289,0.448350835846569,36,40.44943820224719,9.933649986588694,82.0,1587.0,790.6108686529509,43.70917488738948,69.09546578573718,17,486.0,61.90757560577194,61.90757560577194,2
DC-CHG-240-001,TXN-20260107-004,R2,2026-01-07 06:37:00,2026-01-07 08:05:00,88.0,1,1,89,29.883284824618972,30.0,28.88187860756307,66.77477918617618,69.57324628940509,43.28971267409154,63.0639538296888,22.85294246310707,63.01246515394391,40.15952269083684,0.4495864771671518,28,31.46067415730337,9.928787369403558,82.0,1587.0,790.7115940239034,42.18746060680748,66.19614432653049,17,486.0,59.540156458804255,59.97817232545253,3
DC-CHG-240-001,TXN-20260107-004,R4,2026-01-07 06:37:00,2026-01-07 08:05:00,88.0,0,0,0,0.0,0.0,0.0,0.0,0.0,23.056299976365466,27.96241419295187,18.115881818782803,23.056299976365466,0.0,0.0,0,0.0,0.0,82.0,1587.0,744.2198528622555,43.65586797235603,69.48540398055819,16,486.0,62.87565890137531,62.87565890137531,4
DC-CHG-240-001,TXN-20260107-004,R5,2026-01-07 06:37:00,2026-01-07 08:05:00,88.0,0,0,0,0.0,0.0,0.0,0.0,0.0,23.2220768724272,27.951455825455515,18.06639945446371,23.2220768724272,0.0,0.0,0,0.0,0.0,82.0,1587.0,622.9347760396903,40.28817711947331,71.07676135485026,13,486.0,63.60121692925721,63.60121692925721,5
DC-CHG-240-001,TXN-20260107-004,R6,2026-01-07 06:37:00,2026-01-07 08:05:00,88.0,0,0,0,0.0,0.0,0.0,0.0,0.0,23.333455279150105,27.975371910246587,18.18123715726504,23.333455279150105,0.0,0.0,0,0.0,0.0,82.0,1587.0,476.37481704958833,36.490791428522805,69.99880180406343,10,486.0,64.7206045528677,64.7206045528677,6
DC-CHG-240-001,TXN-20260107-004,R7,2026-01-07 06:37:00,2026-01-07 08:05:00,88.0,0,0,0,0.0,0.0,0.0,0.0,0.0,22.67998443040394,27.95322681482823,18.12801247877899,22.67998443040394,0.0,0.0,0,0.0,0.0,82.0,1587.0,291.26981760986814,30.977953331783162,68.9850158829221,6,486.0,65.11655492375603,65.11655492375603,7
DC-CHG-240-001,TXN-20260107-004,R8,2026-01-07 06:37:00,2026-01-07 08:05:00,88.0,0,0,0,0.0,0.0,0.0,0.0,0.0,23.25149099512589,27.98296140808621,18.001471311124433,23.25149099512589,0.0,0.0,0,0.0,0.0,82.0,1587.0,136.99260850887003,27.214586624871288,68.93582818348386,3,486.0,22.92535440761349,27.90145875242883,8
DC-CHG-240-001,TXN-20260107-005,R5,2026-01-07 15:54:00,2026-01-07 17:30:00,96.0,1,1,97,29.84479301368319,30.0,28.649485168015165,60.0,60.0,43.229076636477735,62.780677071742446,23.061265967655515,62.16058483769462,38.49726956908111,0.41108900601222786,31,31.958762886597935,11.937917205473276,272.0,1777.0,673.5899305230396,39.7155780682013,71.07676135485026,14,163.0,66.86906690693895,66.86906690693895,1
DC-CHG-240-001,TXN-20260107-005,R3,2026-01-07 15:54:00,2026-01-07 17:30:00,96.0,1,1,97,29.837797038749,30.0,28.63580309237613,60.0,60.0,40.906608887841735,61.54988376494016,20.536000463091987,61.54988376494016,41.013883301848175,0.4159231254984963,26,26.804123711340207,11.9351188154996,272.0,1777.0,885.0787016322221,43.839248000343844,69.09546578573718,19,163.0,63.58607022554468,63.58607022554468,2
DC-CHG-240-001,TXN-20260107-005,R6,2026-01-07 15:54:00,2026-01-07 17:30:00,96.0,1,1,97,29.83685074054882,30.0,28.63864597292149,60.0,60.0,44.24158372902015,64.11661029068595,23.95373541366052,63.40001599563166,39.01814007712457,0.41475433511448956,35,36.08247422680412,11.934740296219527,272.0,1777.0,527.0275388581454,36.39622565473987,69.99880180406343,11,163.0,68.03853465688063,68.03853465688063,3
DC-CHG-240-001,TXN-20260107-005,R4,2026-01-07 15:54:00,2026-01-07 17:30:00,96.0,1,1,97,29.834677105706085,30.0,28.48099876496903,60.0,60.0,41.990042238272636,61.872166620754975,22.223514125177807,61.477295415248015,39.25378129007021,0.40875390578920306,29,29.896907216494846,11.933870842282433,272.0,1777.0,794.8630391635527,42.65053489984758,69.48540398055819,17,163.0,65.03719578798481,65.5179358545745,4
DC-CHG-240-001,TXN-20260107-005,R2,2026-01-07 15:54:00,2026-01-07 17:30:00,96.0,1,1,97,29.831299858634615,30.0,28.67523947944928,60.0,60.0,39.756608385395886,59.855199123642656,19.47731931677553,59.855199123642656,40.22542717500174,0.4158680488142634,25,25.773195876288657,11.932519943453848,272.0,1777.0,885.1959688045346,42.25880719701223,66.19614432653049,19,163.0,61.78236931986027,61.78236931986027,5
DC-CHG-240-001,TXN-20260107-005,R1,2026-01-07 15:54:00,2026-01-07 17:30:00,96.0,1,1,97,29.82144073713487,30.0,28.51114804665708,60.0,60.0,38.53281064500549,58.39614715831887,18.420973623616977,58.39614715831887,39.975173534701895,0.4095534338718619,20,20.618556701030926,11.928576294853949,272.0,1777.0,885.1777698192093,40.739291603691456,64.19117554634569,19,163.0,61.37623342703333,61.37623342703333,6
DC-CHG-240-001,TXN-20260107-005,R7,2026-01-07 15:54:00,2026-01-07 17:30:00,96.0,1,1,97,29.811293228449824,30.0,28.48527356730456,60.0,60.0,45.4642868856296,66.12160166936519,25.156502717999334,66.12160166936519,40.23672952911684,0.41281449274449306,36,37.11340206185567,11.92451729137993,272.0,1777.0,291.26981760986814,30.130929738014963,68.9850158829221,6,163.0,23.182473951566685,27.97467518979743,7
DC-CHG-240-001,TXN-20260107-005,R8,2026-01-07 15:54:00,2026-01-07 17:30:00,96.0,0,0,0,0.0,0.0,0.0,0.0,0.0,23.012571739379165,27.993919904652863,18.238081319170465,23.012571739379165,0.0,0.0,0,0.0,0.0,272.0,1777.0,136.99260850887003,26.75011902755144,68.93582818348386,3,163.0,22.35279790553963,27.88079296359037,8
