charger_id,transaction_id,rectifier_id,session_start_time,session_end_time,session_duration_min,power_on_flag,was_active,active_minutes,live_capacity_kw,live_capacity_kw_max,live_capacity_kw_min,utilization_pct,utilization_pct_max,temp,temp_max,temp_min,temp_end,delta_temp,temp_slope,temp_above_threshold,high_temp_ratio,rank_score,cumulative_runtime_last_24h,cumulative_runtime_last_7d,cumulative_energy_last_7d,avg_temp_last_7d,max_temp_last_7d,count_high_temp_events_last_7d,cooldown_minutes_since_last_use,last_session_temp_end,last_session_peak_temp,target_rank,Temp_Score,Util_Score,Efficiency
DC-CHG-240-001,TXN-20260101-001,R5,2026-01-01 13:16:00,2026-01-01 14:44:00,88.0,1,1,89,29.95121944514865,30.0,29.337865856763,60.0,60.0,42.27249059365088,61.86496882812267,23.24776744776296,61.59917261394493,38.35140516618197,0.4470744054547419,28,31.46067415730337,11.98048777805946,112.0,112.0,55.73907642723316,43.27950481428988,63.64666302250938,1,113.0,63.64666302250938,63.64666302250938,1,0.3193520492909053,0.4071818686983829,100.09126410952368
DC-CHG-240-001,TXN-20260101-001,R3,2026-01-01 13:16:00,2026-01-01 14:44:00,88.0,1,1,89,29.94744174399565,30.0,29.15172885387493,60.0,60.0,40.39005971549158,60.57575118167371,19.567361306171566,60.57575118167371,41.00838987550215,0.4525641198600255,24,26.96629213483146,11.97897669759826,112.0,112.0,55.70088161494696,41.08505263555424,61.289908251411966,1,113.0,61.27678061648152,61.289908251411966,2,0.383438836080063,0.4071818686983829,102.91491042676263
DC-CHG-240-001,TXN-20260101-001,R7,2026-01-01 13:16:00,2026-01-01 14:44:00,88.0,1,1,89,29.944217368635133,30.0,29.14320462254981,60.0,60.0,44.34121205828716,64.05626862001321,24.87907071837288,64.05626862001321,39.177197901640334,0.4474460604007256,32,35.95505617977528,11.977686947454051,112.0,112.0,55.734941801072566,45.62771856701072,65.75737086129963,1,113.0,65.75737086129963,65.75737086129963,3,0.2489230561371495,0.4071818686983829,96.98818191256926
DC-CHG-240-001,TXN-20260101-001,R8,2026-01-01 13:16:00,2026-01-01 14:44:00,88.0,1,1,89,29.942470996506916,30.0,29.31594904831584,60.0,60.0,45.37783373044969,64.97480824871965,25.2563521642519,64.7546351960781,39.4982830318262,0.4473239174119807,35,39.325842696629216,11.976988398602764,112.0,112.0,0.0,22.661093585193584,27.80935654226756,0,113.0,22.661093585193584,27.80935654226756,4,0.21363158655083403,0.4071818686983829,95.43324940432547
DC-CHG-240-001,TXN-20260101-001,R2,2026-01-01 13:16:00,2026-01-01 14:44:00,88.0,1,1,89,29.941684042183784,30.0,29.284659414858584,60.0,60.0,39.21970201708314,59.83527674140672,18.845191023736582,59.83527674140672,40.99008571767014,0.4508906139344708,21,23.59550561797753,11.976673616873514,112.0,112.0,55.7405244777468,39.82665026865894,60.05331252485303,1,113.0,60.05331252485303,60.05331252485303,5,0.4232833080100461,0.4071818686983829,104.6704469743753
DC-CHG-240-001,TXN-20260101-001,R6,2026-01-01 13:16:00,2026-01-01 14:44:00,88.0,1,1,89,29.936020114717884,30.0,29.071382346529667,60.0,60.0,43.38021270399858,63.83876901271239,23.16732416421911,63.83876901271239,40.62612343616215,0.4506525108455028,30,33.70786516853933,11.974408045887152,112.0,112.0,55.734883441001415,44.52595374105287,63.62802836726752,1,113.0,63.47026283809276,63.62802836726752,6,0.281639986908617,0.4071818686983829,98.42968094400213
DC-CHG-240-001,TXN-20260101-001,R4,2026-01-01 13:16:00,2026-01-01 14:44:00,88.0,1,1,89,29.93494744660657,30.0,29.09117957764085,60.0,60.0,41.269353911613045,61.45200798653752,21.41806231094108,61.45200798653752,39.79814338452333,0.4517080689927502,24,26.96629213483146,11.97397897864263,112.0,112.0,55.739552267969785,42.17537135153584,62.05406001546976,1,113.0,61.107611988353554,62.05406001546976,7,0.35350353257139866,0.4071818686983829,101.59596913258044
DC-CHG-240-001,TXN-20260101-001,R1,2026-01-01 13:16:00,2026-01-01 14:44:00,88.0,1,1,89,29.93087292723904,30.0,29.13940551840444,60.0,60.0,38.22179486400777,57.3693996835993,17.644759036422048,57.3693996835993,39.72464064717725,0.44766044580755,18,20.224719101123597,11.972349170895614,112.0,112.0,55.729862781883575,38.806995660595206,58.35861073419903,1,113.0,57.87332176242261,58.35861073419903,8,0.4572567535673414,0.4071818686983829,106.16730770398834
DC-CHG-240-001,TXN-20260101-002,R3,2026-01-01 18:10:00,2026-01-01 19:51:00,101.0,1,1,102,29.828787707039805,30.0,28.6562729096912,99.66729778234593,102.0,42.44666787326175,62.57035101702045,22.964844409676303,62.57035101702045,39.60550660734415,0.3918787071289271,31,30.392156862745097,0.0992410382006471,200.0,200.0,99.62379617280725,40.73755617552291,61.289908251411966,2,206.0,60.57575118167371,60.57575118167371,1,0.3134222367748396,0.015256979613131327,99.82999819010737
DC-CHG-240-001,TXN-20260101-002,R2,2026-01-01 18:10:00,2026-01-01 19:51:00,101.0,1,1,102,29.8498721357516,30.0,28.710132508878623,99.72755941350228,102.0,40.33509325509125,59.97010522935402,19.721218894568857,59.97010522935402,40.24888633478516,0.3912553044053862,26,25.49019607843137,0.081323166715462,200.0,200.0,99.65499440628302,39.52317614287104,60.05331252485303,2,206.0,59.83527674140672,59.83527674140672,2,0.38531015250878375,0.014661576486943106,102.99736011736312
DC-CHG-240-001,TXN-20260101-002,R1,2026-01-01 18:10:00,2026-01-01 19:51:00,101.0,1,1,102,29.85616073670397,30.0,28.66717948982797,99.9955767220297,102.0,38.6473296337584,58.54735641152352,19.14782019123508,58.54735641152352,39.33585096875853,0.3916431053699638,22,21.568627450980397,0.001320620980645,200.0,200.0,99.62847640850084,38.51439526230149,58.35861073419903,2,206.0,57.3693996835993,57.3693996835993,3,0.4427695517386885,0.01201348448698114,105.5290055493624
DC-CHG-240-001,TXN-20260101-002,R5,2026-01-01 18:10:00,2026-01-01 19:51:00,101.0,0,0,0,0.0,0.0,0.0,0.0,0.0,22.66931274040895,27.960762977660128,18.25360030240296,22.66931274040895,0.0,0.0,0,0.0,0.0,200.0,200.0,99.66753161345116,42.775997703970376,63.64666302250938,2,206.0,61.59917261394493,61.86496882812267,4,0.9867362778683239,1.0,129.4960308893866
DC-CHG-240-001,TXN-20260101-002,R7,2026-01-01 18:10:00,2026-01-01 19:51:00,101.0,0,0,0,0.0,0.0,0.0,0.0,0.0,23.27776993862365,27.944962605364488,18.22675770868906,23.27776993862365,0.0,0.0,0,0.0,0.0,200.0,200.0,99.65312727507076,44.984465312648936,65.75737086129963,2,206.0,64.05626862001321,64.05626862001321,5,0.966021537590347,1.0,128.58334509206452
DC-CHG-240-001,TXN-20260101-002,R6,2026-01-01 18:10:00,2026-01-01 19:51:00,101.0,0,0,0,0.0,0.0,0.0,0.0,0.0,23.40100328994721,27.865974564635856,18.09968773093701,23.40100328994721,0.0,0.0,0,0.0,0.0,200.0,200.0,99.64104627592096,43.95308322252572,63.83876901271239,2,206.0,63.83876901271239,63.83876901271239,6,0.961826095620489,1.0,128.3984950650792
DC-CHG-240-001,TXN-20260101-002,R8,2026-01-01 18:10:00,2026-01-01 19:51:00,101.0,0,0,0,0.0,0.0,0.0,0.0,0.0,22.873389839790068,27.84625910219691,18.01062866577563,22.873389839790068,0.0,0.0,0,0.0,0.0,200.0,200.0,43.91562412821013,34.01946365782163,64.97480824871965,1,206.0,64.7546351960781,64.97480824871965,7,0.9797885350808829,1.0,129.1899152403149
DC-CHG-240-001,TXN-20260101-002,R4,2026-01-01 18:10:00,2026-01-01 19:51:00,101.0,1,1,102,29.84137669871536,30.0,28.62660534550212,100.09606341671685,102.0,44.36355562508461,64.47241637017315,24.0623343743329,64.22565448256779,38.60111356240027,0.3927825522873943,37,36.27450980392157,-0.0286666460521261,200.0,200.0,99.6441418563261,41.72236263157444,62.05406001546976,2,206.0,61.45200798653752,61.45200798653752,8,0.2481623762003342,0.01102064557756266,96.95466656237309
DC-CHG-240-001,TXN-20260101-003,R1,2026-01-01 22:47:00,2026-01-02 00:02:00,75.0,1,1,76,29.785725942486252,30.0,28.645895538037163,99.6564784245528,102.0,42.21153645729252,61.42544238754119,21.983262811000184,61.20062275425901,39.21735994325883,0.5274822319475203,23,30.26315789473684,0.1023203950160136,301.0,301.0,149.88634698195253,38.5587067194538,58.54735641152352,3,176.0,58.54735641152352,58.54735641152352,1,0.3214272143267314,0.01536387813761142,100.18269531406122
DC-CHG-240-001,TXN-20260101-003,R3,2026-01-01 22:47:00,2026-01-02 00:02:00,75.0,1,1,76,29.790489851445585,30.0,28.53925782909232,99.68738959167378,102.0,45.39461857849843,64.76853001615657,24.723951033411304,64.76853001615657,40.04457898274527,0.5281236446899604,29,38.15789473684211,0.0931281719669857,301.0,301.0,149.83558881299092,41.3072600747692,62.57035101702045,3,176.0,62.57035101702045,62.57035101702045,2,0.21306015150338087,0.015058466465461273,95.40807213225236
DC-CHG-240-001,TXN-20260101-003,R5,2026-01-01 22:47:00,2026-01-02 00:02:00,75.0,1,1,76,29.766302801061737,30.0,28.44374957373909,99.75343257929347,102.0,48.66640122023739,68.05601163505173,28.04670388600203,68.05601163505173,40.0093077490497,0.532063320083663,34,44.73684210526316,0.0733940050562681,301.0,301.0,99.66753161345116,36.07376938278323,63.64666302250938,2,176.0,22.66931274040895,27.960762977660128,3,0.10167330643280792,0.01440594179035648,90.50039816964392
DC-CHG-240-001,TXN-20260101-003,R6,2026-01-01 22:47:00,2026-01-02 00:02:00,75.0,0,0,0,0.0,0.0,0.0,0.0,0.0,22.85093303955198,27.823553518490563,18.035190738588604,22.85093303955198,0.0,0.0,0,0.0,0.0,301.0,301.0,99.64104627592096,37.102389911666215,63.83876901271239,2,176.0,23.40100328994721,27.865974564635856,4,0.98055307001575,1.0,129.22360044067204
DC-CHG-240-001,TXN-20260101-003,R7,2026-01-01 22:47:00,2026-01-02 00:02:00,75.0,0,0,0,0.0,0.0,0.0,0.0,0.0,22.46602151461333,27.98566244586481,18.074381327368272,22.46602151461333,0.0,0.0,0,0.0,0.0,301.0,301.0,99.65312727507076,37.74890018797384,65.75737086129963,2,176.0,23.27776993862365,27.944962605364488,5,0.9936572658285352,1.0,129.80096772808
DC-CHG-240-001,TXN-20260101-003,R8,2026-01-01 22:47:00,2026-01-02 00:02:00,75.0,0,0,0,0.0,0.0,0.0,0.0,0.0,22.749243098869844,27.92662349142735,18.04517580535616,22.749243098869844,0.0,0.0,0,0.0,0.0,301.0,301.0,43.91562412821013,30.30410571847777,64.97480824871965,1,176.0,22.873389839790068,27.84625910219691,6,0.9840150731217926,1.0,129.37613535169524
DC-CHG-240-001,TXN-20260101-003,R2,2026-01-01 22:47:00,2026-01-02 00:02:00,75.0,1,1,76,29.771337004863355,30.0,28.503331622244165,100.02084344894084,102.0,43.86086017639865,63.728510484370446,24.131194537171226,62.91826628301713,37.89793188140792,0.5271486557101398,26,34.21052631578947,-0.0062053734276133,301.0,301.0,149.90227916813154,39.793815180277775,60.05331252485303,3,176.0,59.97010522935402,59.97010522935402,7,0.2652764898783455,0.011763841589788271,97.70870973540202
DC-CHG-240-001,TXN-20260101-003,R4,2026-01-01 22:47:00,2026-01-02 00:02:00,75.0,1,1,76,29.78096347406795,30.0,28.65566367258084,100.1108255889118,102.0,47.03059768108107,66.76425392665544,27.65962720059989,66.76425392665544,39.08381231963959,0.5224147600818291,33,43.42105263157895,-0.0330049281537421,301.0,301.0,149.8771259658303,42.60276029607783,64.47241637017315,3,176.0,64.22565448256779,64.47241637017315,8,0.1573637404663648,0.010874790855319949,92.9541034783784
DC-CHG-240-001,TXN-20260101-004,R2,2026-01-01 09:31:00,2026-01-01 11:23:00,112.0,1,1,113,29.860995255935787,30.0,28.79963788934033,60.0,60.0,39.82665026865894,60.05331252485303,20.672967277298977,60.05331252485303,39.21944624764655,0.3563409682736044,28,24.778761061946906,11.944398102374317,0.0,0.0,0.0,0.0,0.0,0,0.0,0.0,0.0,1,0.4026199393615114,0.4071818686983829,103.7600245970116
DC-CHG-240-001,TXN-20260101-004,R4,2026-01-01 09:31:00,2026-01-01 11:23:00,112.0,1,1,113,29.860474429269527,30.0,28.696767800447017,60.0,60.0,42.17537135153584,62.05406001546976,21.69848960572073,61.107611988353554,39.409122382632816,0.3537966696720927,35,30.973451327433622,11.94418977170781,0.0,0.0,0.0,0.0,0.0,0,0.0,0.0,0.0,2,0.3226584443542063,0.4071818686983829,100.23694297269624
DC-CHG-240-001,TXN-20260101-004,R5,2026-01-01 09:31:00,2026-01-01 11:23:00,112.0,1,1,113,29.860219514589197,30.0,28.64887837578661,60.0,60.0,43.27950481428988,63.64666302250938,23.43899206757341,63.64666302250938,39.964648491193465,0.3532175296003133,38,33.6283185840708,11.944087805835675,0.0,0.0,0.0,0.0,0.0,0,0.0,0.0,0.0,3,0.2850685563879163,0.4071818686983829,98.58074277856518
DC-CHG-240-001,TXN-20260101-004,R7,2026-01-01 09:31:00,2026-01-01 11:23:00,112.0,1,1,113,29.85800453628888,30.0,28.794459303153207,60.0,60.0,45.62771856701072,65.75737086129963,25.549042970239626,65.75737086129963,39.43538212747589,0.3498026594607086,44,38.93805309734513,11.94320181451555,0.0,0.0,0.0,0.0,0.0,0,0.0,0.0,0.0,4,0.20512433328149238,0.4071818686983829,95.05842214948393
DC-CHG-240-001,TXN-20260101-004,R6,2026-01-01 09:31:00,2026-01-01 11:23:00,112.0,1,1,113,29.857973271965044,30.0,28.64874989289,60.0,60.0,44.52595374105287,63.62802836726752,24.26699907984198,63.47026283809276,37.9740630858668,0.3501235538691857,41,36.283185840707965,11.943189308786016,0.0,0.0,0.0,0.0,0.0,0,0.0,0.0,0.0,5,0.24263358172837168,0.4071818686983829,96.7110693884207
DC-CHG-240-001,TXN-20260101-004,R1,2026-01-01 09:31:00,2026-01-01 11:23:00,112.0,1,1,113,29.85528363315192,30.0,28.73218986533001,60.0,60.0,38.806995660595206,58.35861073419903,18.61044583566425,57.87332176242261,39.26287592675836,0.3531510632468687,24,21.238938053097343,11.942113453260768,0.0,0.0,0.0,0.0,0.0,0,0.0,0.0,0.0,6,0.4373337704103627,0.4071818686983829,105.28950650910718
DC-CHG-240-001,TXN-20260101-004,R3,2026-01-01 09:31:00,2026-01-01 11:23:00,112.0,1,1,113,29.839758008007298,30.0,28.758860601337588,60.0,60.0,41.08505263555424,61.289908251411966,20.86606591570364,61.27678061648152,40.41071470077787,0.3533225106737767,33,29.20353982300885,11.93590320320292,0.0,0.0,0.0,0.0,0.0,0,0.0,0.0,0.0,7,0.35977801346777016,0.4071818686983829,101.87242104666863
DC-CHG-240-001,TXN-20260101-004,R8,2026-01-01 09:31:00,2026-01-01 11:23:00,112.0,0,0,0,0.0,0.0,0.0,0.0,0.0,22.661093585193584,27.80935654226756,18.148273871120235,22.661093585193584,0.0,0.0,0,0.0,0.0,0.0,0.0,0.0,0.0,0.0,0,0.0,0.0,0.0,8,0.9870160965081399,1.0,129.50835962220964
DC-CHG-240-001,TXN-20260102-001,R1,2026-01-02 21:01:00,2026-01-02 22:06:00,65.0,1,1,66,29.756175102412485,30.0,28.72285266895218,60.0,60.0,42.14478122949445,62.26356421111234,22.46041021011098,62.26356421111234,39.03343206519093,0.610258558384559,22,33.33333333333333,11.902470040964994,168.0,469.0,233.5061096804576,39.672425840532576,61.42544238754119,5,166.0,61.04442465166727,61.04442465166727,1,0.32369987575647785,0.4071818686983829,100.28282815575832
DC-CHG-240-001,TXN-20260102-001,R2,2026-01-02 21:01:00,2026-01-02 22:06:00,65.0,1,1,66,29.74927679206029,30.0,28.550753253454296,60.0,60.0,44.06744738439449,63.25430024610775,24.752006323174943,63.25430024610775,37.90332995054355,0.5994943314132697,23,34.84848484848485,11.899710716824115,168.0,469.0,233.51928182301415,41.29743192614556,63.728510484370446,5,166.0,61.96624255675067,62.588873923982696,2,0.2582432912064545,0.4071818686983829,97.39882892340826
DC-CHG-240-001,TXN-20260102-001,R3,2026-01-02 21:01:00,2026-01-02 22:06:00,65.0,1,1,66,29.74361566814021,30.0,28.70492062571027,60.0,60.0,46.11577676331903,65.26547771644697,25.86514161937937,65.26547771644697,39.4003360970676,0.6094955370703911,27,40.909090909090914,11.897446267256084,168.0,469.0,233.45800204800955,43.03603814488886,66.14940577281364,5,166.0,65.66944687697787,66.14940577281364,3,0.18850854040940734,0.4071818686983829,94.32633485502146
DC-CHG-240-001,TXN-20260102-001,R4,2026-01-02 21:01:00,2026-01-02 22:06:00,65.0,1,1,66,29.732920801776377,30.0,28.55914895683018,60.0,60.0,48.19922798720986,67.05211615041222,28.0597496909194,66.92690842607601,38.86715873515661,0.6072272314297736,30,45.45454545454545,11.89316832071055,168.0,469.0,187.1033303084152,39.57196886670916,66.76425392665544,4,166.0,23.02096576423122,27.87924044019956,4,0.11757807708123291,0.4071818686983829,91.20115801918521
DC-CHG-240-001,TXN-20260102-001,R5,2026-01-02 21:01:00,2026-01-02 22:06:00,65.0,0,0,0,0.0,0.0,0.0,0.0,0.0,23.103541536930265,27.840724554729235,18.41677659461773,23.103541536930265,0.0,0.0,0,0.0,0.0,168.0,469.0,136.87541011477833,35.95839590459023,68.05601163505173,3,166.0,22.904270154364063,27.750503292588967,5,0.9719530905421654,1.0,128.8446876946046
DC-CHG-240-001,TXN-20260102-001,R6,2026-01-02 21:01:00,2026-01-02 22:06:00,65.0,0,0,0,0.0,0.0,0.0,0.0,0.0,22.497179756600904,27.7011272179046,18.219183211295125,22.497179756600904,0.0,0.0,0,0.0,0.0,168.0,469.0,99.64104627592096,31.446874901530133,63.83876901271239,2,166.0,23.076271733100047,27.878366481246168,6,0.9925964929554643,1.0,129.75423036509864
DC-CHG-240-001,TXN-20260102-001,R7,2026-01-02 21:01:00,2026-01-02 22:06:00,65.0,0,0,0,0.0,0.0,0.0,0.0,0.0,22.279715424785444,27.953076237609288,18.09782486730393,22.279715424785444,0.0,0.0,0,0.0,0.0,168.0,469.0,99.65312727507076,31.64420770732238,65.75737086129963,2,166.0,22.508316458077044,27.918934244833377,7,1.0,1.0,130.08042686282184
DC-CHG-240-001,TXN-20260102-001,R8,2026-01-02 21:01:00,2026-01-02 22:06:00,65.0,0,0,0,0.0,0.0,0.0,0.0,0.0,23.59169021179743,27.974520940766457,18.157173341109587,23.59169021179743,0.0,0.0,0,0.0,0.0,168.0,469.0,43.91562412821013,27.337255455191848,64.97480824871965,1,166.0,23.02471702165606,27.814661092439337,8,0.9553342173550593,1.0,128.11246468230385
DC-CHG-240-001,TXN-20260102-002,R1,2026-01-02 16:42:00,2026-01-02 18:15:00,93.0,1,1,94,29.92748727122403,30.0,28.99326069380168,99.53448799899722,102.0,40.47447258700899,61.04442465166727,21.140546960847065,61.04442465166727,39.90387769082021,0.4238880647881947,25,26.595744680851062,0.1393160448461269,176.0,376.0,187.11850441006032,39.471914153913474,61.42544238754119,4,1000.0,61.20062275425901,61.42544238754119,1,0.3805650255396801,0.016569180406187156,102.78829111948652
DC-CHG-240-001,TXN-20260102-002,R3,2026-01-02 16:42:00,2026-01-02 18:15:00,93.0,1,1,94,29.925355432717183,30.0,29.22858465634649,99.98678322447532,102.0,45.86379192163829,66.14940577281364,26.010387971065192,65.66944687697787,39.65905890591268,0.4251246096292862,37,39.361702127659576,0.0039551670525013,176.0,376.0,187.07370112729797,42.32909970070151,64.76853001615657,4,1000.0,64.76853001615657,64.76853001615657,2,0.1970872877144263,0.01210036690011107,94.70431211754257
DC-CHG-240-001,TXN-20260102-002,R4,2026-01-02 16:42:00,2026-01-02 18:15:00,93.0,0,0,0,0.0,0.0,0.0,0.0,0.0,23.02096576423122,27.87924044019956,18.06395397359098,23.02096576423122,0.0,0.0,0,0.0,0.0,176.0,376.0,187.1033303084152,43.70971964232864,66.76425392665544,4,1000.0,66.76425392665544,66.76425392665544,3,0.9747643576119492,1.0,128.96855135365317
DC-CHG-240-001,TXN-20260102-002,R5,2026-01-02 16:42:00,2026-01-02 18:15:00,93.0,0,0,0,0.0,0.0,0.0,0.0,0.0,22.904270154364063,27.750503292588967,18.29864200399568,22.904270154364063,0.0,0.0,0,0.0,0.0,176.0,376.0,136.87541011477833,39.22192734214677,68.05601163505173,3,1000.0,68.05601163505173,68.05601163505173,4,0.978737224162088,1.0,129.1435947684539
DC-CHG-240-001,TXN-20260102-002,R7,2026-01-02 16:42:00,2026-01-02 18:15:00,93.0,0,0,0,0.0,0.0,0.0,0.0,0.0,22.508316458077044,27.918934244833377,18.03421853258922,22.508316458077044,0.0,0.0,0,0.0,0.0,176.0,376.0,99.65312727507076,33.92818051963371,65.75737086129963,2,1000.0,22.46602151461333,27.98566244586481,5,0.9922173473404423,1.0,129.73752531288443
DC-CHG-240-001,TXN-20260102-002,R6,2026-01-02 16:42:00,2026-01-02 18:15:00,93.0,0,0,0,0.0,0.0,0.0,0.0,0.0,23.076271733100047,27.878366481246168,18.075656996696345,23.076271733100047,0.0,0.0,0,0.0,0.0,176.0,376.0,99.64104627592096,33.53952569363766,63.83876901271239,2,1000.0,22.85093303955198,27.823553518490563,6,0.972881482720665,1.0,128.88559240034994
DC-CHG-240-001,TXN-20260102-002,R8,2026-01-02 16:42:00,2026-01-02 18:15:00,93.0,0,0,0,0.0,0.0,0.0,0.0,0.0,23.02471702165606,27.814661092439337,18.03199192192858,23.02471702165606,0.0,0.0,0,0.0,0.0,176.0,376.0,43.91562412821013,28.415390063575792,64.97480824871965,1,1000.0,22.749243098869844,27.92662349142735,7,0.974636647193699,1.0,128.9629244675159
DC-CHG-240-001,TXN-20260102-002,R2,2026-01-02 16:42:00,2026-01-02 18:15:00,93.0,1,1,94,29.937310579873166,30.0,29.3008548327709,100.06769272269894,102.0,43.24485391349579,62.588873923982696,23.140253560266657,61.96624255675067,38.214549871207176,0.423067565411794,31,32.97872340425532,-0.0202653806343528,176.0,376.0,187.11645042421077,40.81057642930799,63.728510484370446,4,1000.0,62.91826628301713,63.728510484370446,8,0.28624823576791814,0.011300956607753099,98.63271912975631
DC-CHG-240-001,TXN-20260103-001,R3,2026-01-03 09:42:00,2026-01-03 11:18:00,96.0,1,1,97,29.983516881647677,30.0,29.368547077231582,60.0,60.0,45.78131025756042,65.23193546799234,26.69473798798652,65.23193546799234,38.53719748000583,0.4105968310414549,37,38.144329896907216,11.993406752659071,158.0,534.0,265.6802523551615,43.54932791462722,66.14940577281364,6,696.0,65.26547771644697,65.26547771644697,1,0.19989535088482124,0.4071818686983829,94.82803461365937
DC-CHG-240-001,TXN-20260103-001,R5,2026-01-03 09:42:00,2026-01-03 11:18:00,96.0,1,1,97,29.98346862470144,30.0,29.46053681615661,60.0,60.0,48.2907566923664,67.82342395375233,28.02902007406476,67.32547326349237,38.62002738685152,0.4116384155829364,45,46.39175257731959,11.993387449880574,158.0,534.0,136.87541011477833,33.815920176646905,68.05601163505173,3,696.0,23.103541536930265,27.840724554729235,2,0.11446201014857049,0.4071818686983829,91.0638649614504
DC-CHG-240-001,TXN-20260103-001,R4,2026-01-03 09:42:00,2026-01-03 11:18:00,96.0,1,1,97,29.981716279598626,30.0,29.290955760123666,60.0,60.0,46.97824447484359,66.14775597590952,27.01068173665832,66.05972832646255,39.04904658980424,0.4084079349575518,42,43.29896907216495,11.99268651183945,158.0,534.0,219.31399451033965,41.00984538679261,67.05211615041222,5,696.0,66.92690842607601,67.05211615041222,3,0.1591460894518164,0.4071818686983829,93.03263328773461
DC-CHG-240-001,TXN-20260103-001,R1,2026-01-03 09:42:00,2026-01-03 11:18:00,96.0,1,1,97,29.97993288694748,30.0,29.598427773007383,60.0,60.0,43.048133812964366,63.000327380198286,22.62812365992702,63.000327380198286,40.37220372027127,0.415336266268093,33,34.02061855670103,11.991973154778991,158.0,534.0,265.74196604140445,40.08448507202622,62.26356421111234,6,696.0,62.26356421111234,62.26356421111234,4,0.2929455117668258,0.4071818686983829,98.92779928055344
DC-CHG-240-001,TXN-20260103-001,R6,2026-01-03 09:42:00,2026-01-03 11:18:00,96.0,1,1,97,29.971517597259385,30.0,29.373994669634424,60.0,60.0,49.74608925753922,69.99880180406343,29.67048028042881,69.28513547786552,39.61465519743672,0.4145134274983388,47,48.45360824742268,11.988607038903751,158.0,534.0,99.64104627592096,29.955259044041927,63.83876901271239,2,696.0,22.497179756600904,27.7011272179046,5,0.06491565554204781,0.4071818686983829,88.88086611369117
DC-CHG-240-001,TXN-20260103-001,R2,2026-01-03 09:42:00,2026-01-03 11:18:00,96.0,1,1,97,29.96671367043344,30.0,29.26057864811384,60.0,60.0,44.29070955458593,64.21437145007204,24.36314069755142,64.21437145007204,39.85123075252062,0.4103428331213605,35,36.08247422680412,11.986685468173375,158.0,534.0,265.7476650144128,41.75910116918704,63.728510484370446,6,696.0,63.25430024610775,63.25430024610775,6,0.25064239851756354,0.4071818686983829,97.0639356681211
DC-CHG-240-001,TXN-20260103-001,R7,2026-01-03 09:42:00,2026-01-03 11:18:00,96.0,0,0,0,0.0,0.0,0.0,0.0,0.0,22.8313012247356,27.995570908504185,18.15888114544562,22.8313012247356,0.0,0.0,0,0.0,0.0,158.0,534.0,99.65312727507076,30.083458993566225,65.75737086129963,2,696.0,22.279715424785444,27.953076237609288,7,0.9812214291810286,1.0,129.2530481628966
DC-CHG-240-001,TXN-20260103-001,R8,2026-01-03 09:42:00,2026-01-03 11:18:00,96.0,0,0,0,0.0,0.0,0.0,0.0,0.0,22.95508198930012,27.908583774068312,18.01014143964599,22.95508198930012,0.0,0.0,0,0.0,0.0,158.0,534.0,43.91562412821013,26.71299458129278,64.97480824871965,1,696.0,23.59169021179743,27.974520940766457,8,0.9770073506938536,1.0,129.06737701604982
DC-CHG-240-001,TXN-20260104-001,R7,2026-01-04 19:25:00,2026-01-04 21:02:00,97.0,1,1,98,29.77617079703664,30.0,28.3233659121048,99.6307304416092,102.0,48.46788308410573,68.9850158829221,28.2779851722461,68.9850158829221,40.50190884407769,0.4086805203302738,46,46.93877551020408,0.109954334407911,309.0,939.0,144.5863535837001,29.453757055499104,65.75737086129963,3,2.0,65.30172794881634,65.30172794881634,1,0.10843179600693309,0.015618275989834896,90.7981753738414
DC-CHG-240-001,TXN-20260104-001,R6,2026-01-04 19:25:00,2026-01-04 21:02:00,97.0,1,1,98,29.75698781022089,30.0,28.402228565182767,99.71491387811346,102.0,47.40216049911393,66.75162106278414,27.20418555897413,66.32526112494274,39.12107556596861,0.406916654270585,44,44.89795918367347,0.084833042538408,309.0,939.0,192.5150873936467,31.916282055557826,69.99880180406343,4,2.0,63.39756867111501,63.39756867111501,2,0.1447139973207704,0.014786518197918097,92.3967592513291
DC-CHG-240-001,TXN-20260104-001,R1,2026-01-04 19:25:00,2026-01-04 21:02:00,97.0,1,1,98,29.75748011072057,30.0,28.28264441156824,99.86139848019036,102.0,42.42372174288479,62.30903291290712,22.446604875683875,61.7061470993233,39.25954222363943,0.4053624873553043,31,31.63265306122449,0.0412443196905143,309.0,939.0,467.9434185169108,40.55761568782303,64.19117554634569,10,2.0,57.84868373251549,58.63038505988038,3,0.3142034308054765,0.013339206063456732,99.86441738567282
DC-CHG-240-001,TXN-20260104-001,R5,2026-01-04 19:25:00,2026-01-04 21:02:00,97.0,1,1,98,29.76433812293805,30.0,28.22447870317215,99.8637122059123,102.0,46.34188538454664,66.45507756800973,27.03315347867276,66.45507756800973,39.06293669226318,0.4098345861011013,40,40.81632653061224,0.0405651598525586,309.0,939.0,339.0731042989829,39.02872094791547,71.07676135485026,7,2.0,63.52059744722352,63.52059744722352,4,0.1808107411606118,0.013316345754142977,93.98717192318003
DC-CHG-240-001,TXN-20260104-001,R4,2026-01-04 19:25:00,2026-01-04 21:02:00,97.0,1,1,98,29.76568780519992,30.0,28.33441621535093,99.90669032822797,102.0,45.5667016901629,66.2147698751136,24.864351780269985,66.2147698751136,41.35041809484362,0.4096420939663175,36,36.734693877551024,0.0277742655917201,309.0,939.0,421.5233357140162,42.76630934232249,68.61988605188067,9,2.0,61.48490343313743,61.48490343313743,5,0.20720163429820215,0.012891708918175815,95.14994746475566
DC-CHG-240-001,TXN-20260104-001,R2,2026-01-04 19:25:00,2026-01-04 21:02:00,97.0,1,1,98,29.777323059188443,30.0,28.56179976498281,100.04720190696752,102.0,43.33630911314161,63.2126808507623,23.05955707879721,63.2126808507623,39.03728393794875,0.4064425659499849,33,33.6734693877551,-0.0140554643278146,309.0,939.0,467.9242958662399,42.13566804596269,65.63763535390684,10,2.0,58.98845130023204,59.0648167303393,6,0.2831346713080146,0.011503412059265528,98.49553633028759
DC-CHG-240-001,TXN-20260104-001,R8,2026-01-04 19:25:00,2026-01-04 21:02:00,97.0,1,1,98,29.78678698534433,30.0,28.52148336741459,100.07804134291128,102.0,49.47136851201263,68.93582818348386,29.666015530091663,68.93582818348386,39.2698126533922,0.4111919034607154,47,47.95918367346938,-0.0232460085734884,309.0,939.0,88.83730288256338,27.46015522678806,64.97480824871965,2,2.0,64.67862989683636,64.82098653208904,7,0.07426843977938269,0.011198709112822613,89.29294723198106
DC-CHG-240-001,TXN-20260104-001,R3,2026-01-04 19:25:00,2026-01-04 21:02:00,97.0,1,1,98,29.77441928374286,30.0,28.437259703104942,100.08111142299728,102.0,44.44546462044255,64.1674184040011,25.23048292416893,64.1674184040011,38.93463884562718,0.4052293058683164,35,35.714285714285715,-0.0241504551702166,309.0,939.0,467.8594031329328,43.77203108497541,68.05677358819241,10,2.0,60.79333844023595,60.79333844023595,8,0.24537380936235742,0.011168375793830343,96.83180306933617
DC-CHG-240-001,TXN-20260104-002,R5,2026-01-04 14:10:00,2026-01-04 16:00:00,110.0,1,1,111,29.981679828674974,30.0,29.62658498062991,60.0,60.0,50.65286662290055,71.07676135485026,29.9209131907092,71.07676135485026,41.15584816414106,0.361603208034282,57,51.35135135135135,11.99267193146999,109.0,739.0,239.19696190099836,37.094142003272594,68.05601163505173,5,251.0,64.9735455315731,64.9735455315731,1,0.03404469589439796,0.4071818686983829,87.52070006564918
DC-CHG-240-001,TXN-20260104-002,R4,2026-01-04 14:10:00,2026-01-04 16:00:00,110.0,1,1,111,29.980453800658942,30.0,29.41956223716377,60.0,60.0,48.87599482353031,68.61988605188067,28.39161210053668,68.61988605188067,40.22827395134399,0.3617527785141882,53,47.74774774774775,11.992181520263578,109.0,739.0,321.6257781347859,42.11538292298179,67.05211615041222,7,251.0,64.21864911075471,64.21864911075471,2,0.0945377559472893,0.4071818686983829,90.18600776470453
DC-CHG-240-001,TXN-20260104-002,R1,2026-01-04 14:10:00,2026-01-04 16:00:00,110.0,1,1,111,29.977523623034408,30.0,29.48845262608434,60.0,60.0,44.11693410571943,64.19117554634569,24.311297539415943,63.31829461672231,39.006997077306366,0.3597011550395042,40,36.03603603603604,11.991009449213765,109.0,739.0,368.0637948467118,40.33243665336336,63.000327380198286,8,251.0,58.70656985074915,58.70656985074915,3,0.25655853082813607,0.4071818686983829,97.32459884142085
DC-CHG-240-001,TXN-20260104-002,R3,2026-01-04 14:10:00,2026-01-04 16:00:00,110.0,1,1,111,29.97658492053587,30.0,29.439106859855293,60.0,60.0,47.42052344324779,68.05677358819241,27.163714554514385,68.05677358819241,40.89305903367803,0.3618138642331635,50,45.04504504504504,11.990633968214349,109.0,739.0,367.9771024516384,43.67606073547306,66.14940577281364,8,251.0,62.23334775506986,62.23334775506986,4,0.14408883647200754,0.4071818686983829,92.36921483512832
DC-CHG-240-001,TXN-20260104-002,R2,2026-01-04 14:10:00,2026-01-04 16:00:00,110.0,1,1,111,29.975924777388528,30.0,29.43928742137301,60.0,60.0,45.85022446484239,65.63763535390684,26.1882437859796,64.83546393028085,38.64722014430125,0.3572807598655562,45,40.54054054054054,11.99036991095541,109.0,739.0,368.0314389121005,41.960441234171576,64.21437145007204,8,251.0,60.87317460241026,60.87317460241026,5,0.1975491876551031,0.4071818686983829,94.72466330273642
DC-CHG-240-001,TXN-20260104-002,R6,2026-01-04 14:10:00,2026-01-04 16:00:00,110.0,0,0,0,0.0,0.0,0.0,0.0,0.0,22.98142034227138,27.9292700236072,18.02537275014672,22.98142034227138,0.0,0.0,0,0.0,0.0,109.0,739.0,147.595474431536,31.546869176501065,69.99880180406343,3,251.0,22.89730989021769,27.95796404577502,6,0.9761106694765876,1.0,129.02786948659292
DC-CHG-240-001,TXN-20260104-002,R7,2026-01-04 14:10:00,2026-01-04 16:00:00,110.0,0,0,0,0.0,0.0,0.0,0.0,0.0,23.22165806377076,27.973662214982305,18.020613530857457,23.22165806377076,0.0,0.0,0,0.0,0.0,109.0,739.0,99.65312727507076,28.305184588063145,65.75737086129963,2,251.0,23.10942151837222,27.832886485710617,7,0.9679318493057781,1.0,128.66751290434385
DC-CHG-240-001,TXN-20260104-002,R8,2026-01-04 14:10:00,2026-01-04 16:00:00,110.0,0,0,0,0.0,0.0,0.0,0.0,0.0,22.64611824618632,27.916151157661066,18.00585678138822,22.64611824618632,0.0,0.0,0,0.0,0.0,109.0,739.0,43.91562412821013,25.762238184465268,64.97480824871965,1,251.0,22.86485599866538,27.97738112536692,8,0.9875259273705578,1.0,129.53082263072054
DC-CHG-240-001,TXN-20260104-003,R2,2026-01-04 17:53:00,2026-01-04 19:23:00,90.0,1,1,91,29.957996574840323,30.0,29.26419797086732,60.0,60.0,39.8229261214119,59.0648167303393,19.714384503190296,58.98845130023204,39.27406679704175,0.439159696170921,23,25.274725274725277,11.983198629936128,219.0,849.0,422.9873010039794,42.392639370912775,65.63763535390684,9,113.0,64.83546393028085,65.63763535390684,1,0.40274672682200263,0.4071818686983829,103.76561081788215
DC-CHG-240-001,TXN-20260104-003,R4,2026-01-04 17:53:00,2026-01-04 19:23:00,90.0,1,1,91,29.955594852014844,30.0,29.27097604243774,60.0,60.0,41.86403521584023,61.48490343313743,21.28181618231421,61.48490343313743,40.20308725082322,0.4394699049205499,27,29.67032967032967,11.982237940805938,219.0,849.0,376.5899434359939,42.86656202304274,68.61988605188067,8,113.0,68.61988605188067,68.61988605188067,2,0.33325778841490017,0.4071818686983829,100.70394717623965
DC-CHG-240-001,TXN-20260104-003,R7,2026-01-04 17:53:00,2026-01-04 19:23:00,90.0,1,1,91,29.95548420575288,30.0,29.40260269282156,60.0,60.0,44.87443578671507,65.30172794881634,24.85260321598117,65.30172794881634,40.449124732835166,0.4419427413338129,33,36.26373626373626,11.982193682301151,219.0,849.0,99.65312727507076,27.740348307586217,65.75737086129963,2,113.0,23.22165806377076,27.973662214982305,3,0.2307696164591443,0.4071818686983829,96.1883463199274
DC-CHG-240-001,TXN-20260104-003,R3,2026-01-04 17:53:00,2026-01-04 19:23:00,90.0,1,1,91,29.950152217985742,30.0,29.24696733414824,60.0,60.0,40.89130152272181,60.79333844023595,20.65679761371124,60.79333844023595,39.02044765423011,0.4380836454324828,24,26.373626373626376,11.9800608871943,219.0,849.0,422.9341748059541,44.092112147448034,68.05677358819241,9,113.0,68.05677358819241,68.05677358819241,4,0.36637421118335145,0.4071818686983829,102.16304771591729
DC-CHG-240-001,TXN-20260104-003,R8,2026-01-04 17:53:00,2026-01-04 19:23:00,90.0,1,1,91,29.947785836235504,30.0,29.15310838045884,60.0,60.0,45.85752854597214,64.82098653208904,26.24583674850034,64.67862989683636,38.20819860588978,0.4394477600745149,35,38.46153846153847,11.979114334494202,219.0,849.0,43.91562412821013,25.416002635767608,64.97480824871965,1,113.0,22.64611824618632,27.916151157661066,5,0.1973005224342529,0.4071818686983829,94.7137071810418
DC-CHG-240-001,TXN-20260104-003,R1,2026-01-04 17:53:00,2026-01-04 19:23:00,90.0,1,1,91,29.947220240868425,30.0,29.31647537582239,60.0,60.0,38.79972954560396,58.63038505988038,18.33746650315509,57.84868373251549,39.5112172293604,0.4387776817993035,20,21.978021978021975,11.97888809634737,219.0,849.0,423.02258815560816,40.75293637029181,64.19117554634569,9,113.0,63.31829461672231,64.19117554634569,6,0.4375811430855734,0.4071818686983829,105.30040568159406
DC-CHG-240-001,TXN-20260104-003,R6,2026-01-04 17:53:00,2026-01-04 19:23:00,90.0,1,1,91,29.946408641407128,30.0,29.21554932848718,60.0,60.0,43.80644680129832,63.39756867111501,24.35807965690293,63.39756867111501,38.850754929849,0.440205687947579,31,34.065934065934066,11.978563456562853,219.0,849.0,147.595474431536,30.595152639364432,69.99880180406343,3,113.0,22.98142034227138,27.9292700236072,7,0.26712897668622415,0.4071818686983829,97.79032979805251
DC-CHG-240-001,TXN-20260104-003,R5,2026-01-04 17:53:00,2026-01-04 19:23:00,90.0,1,1,91,29.93981958583143,30.0,29.181085231407263,60.0,60.0,42.88120683007339,63.52059744722352,22.500282356837552,63.52059744722352,41.02031509038597,0.4391173873361914,28,30.76923076923077,11.975927834332571,219.0,849.0,294.1633749202357,38.60066696100903,71.07676135485026,6,113.0,71.07676135485026,71.07676135485026,8,0.2986284901359185,0.4071818686983829,99.17818975488991
DC-CHG-240-001,TXN-20260104-004,R5,2026-01-04 08:10:00,2026-01-04 09:59:00,109.0,1,1,110,29.916331368824416,30.0,28.880652083405987,60.74920245625619,62.74814821534368,45.56685827393293,64.9735455315731,25.94741682227731,64.9735455315731,38.31649871062318,0.3624784882855618,43,39.09090909090909,11.742398658092792,96.0,630.0,184.84895991430065,35.88375396460683,68.05601163505173,4,1252.0,67.32547326349237,67.82342395375233,1,0.20719630345136963,0.39977952203030986,95.1497125891006
DC-CHG-240-001,TXN-20260104-004,R3,2026-01-04 08:10:00,2026-01-04 09:59:00,109.0,1,1,110,29.902691606884755,30.0,28.762387546194606,60.79079555048836,62.96235373953266,42.33120813846073,62.23334775506986,23.51073241308392,62.23334775506986,38.722615341985936,0.3598797439221495,34,30.909090909090907,11.7246074880504,96.0,630.0,313.6538793657977,43.868182535046245,66.14940577281364,7,1252.0,65.23193546799234,65.23193546799234,2,0.3173530283341882,0.3993685696903472,100.0031877923089
DC-CHG-240-001,TXN-20260104-004,R1,2026-01-04 08:10:00,2026-01-04 09:59:00,109.0,1,1,110,29.91959790065582,30.0,28.861987990102868,60.90431287824847,62.9923893246097,39.10444898178522,58.70656985074915,18.726680989511724,58.70656985074915,39.95595245813223,0.3640911068495609,27,24.545454545454547,11.69727238332654,96.0,630.0,313.7098586605204,40.50786346358881,63.000327380198286,7,1252.0,63.000327380198286,63.000327380198286,3,0.42720706254767005,0.39824698418846216,104.84332652732218
DC-CHG-240-001,TXN-20260104-004,R2,2026-01-04 08:10:00,2026-01-04 09:59:00,109.0,1,1,110,29.91029285779497,30.0,28.934602754287454,60.89255117019077,62.9695383687408,40.838213303664425,60.87317460241026,20.649447298667813,60.87317460241026,40.22372730374245,0.3643053165276836,30,27.27272727272727,11.697152474208256,96.0,630.0,313.6944068871063,42.12075950995831,64.21437145007204,7,1252.0,64.21437145007204,64.21437145007204,4,0.36818158345673535,0.3983631934183235,102.24268004450336
DC-CHG-240-001,TXN-20260104-004,R4,2026-01-04 08:10:00,2026-01-04 09:59:00,109.0,1,1,110,29.91249774885604,30.0,28.816524189379745,60.984398714512245,62.98993782634463,43.88574658825508,64.21864911075471,23.663493634444592,64.21864911075471,40.55515547631012,0.3625133969829582,39,35.45454545454545,11.670540856224171,96.0,630.0,267.28474055769743,41.86247382794276,67.05211615041222,6,1252.0,66.05972832646255,66.14775597590952,5,0.2644292395547907,0.3974557119251685,97.67138011761737
DC-CHG-240-001,TXN-20260104-004,R6,2026-01-04 08:10:00,2026-01-04 09:59:00,109.0,0,0,0,0.0,0.0,0.0,0.0,0.0,22.89730989021769,27.95796404577502,18.1582684792716,22.89730989021769,0.0,0.0,0,0.0,0.0,96.0,630.0,147.595474431536,32.78252050311297,69.99880180406343,3,1252.0,69.28513547786552,69.99880180406343,6,0.9789741842382959,1.0,129.15403516467347
DC-CHG-240-001,TXN-20260104-004,R7,2026-01-04 08:10:00,2026-01-04 09:59:00,109.0,0,0,0,0.0,0.0,0.0,0.0,0.0,23.10942151837222,27.832886485710617,18.027696239929032,23.10942151837222,0.0,0.0,0,0.0,0.0,96.0,630.0,99.65312727507076,29.04743645516185,65.75737086129963,2,1252.0,22.8313012247356,27.995570908504185,7,0.9717529083621094,1.0,128.83586772244166
DC-CHG-240-001,TXN-20260104-004,R8,2026-01-04 08:10:00,2026-01-04 09:59:00,109.0,0,0,0,0.0,0.0,0.0,0.0,0.0,22.86485599866538,27.97738112536692,18.28678466735116,22.86485599866538,0.0,0.0,0,0.0,0.0,96.0,630.0,43.91562412821013,26.176149925293828,64.97480824871965,1,1252.0,22.95508198930012,27.908583774068312,8,0.980079067106784,1.0,129.20271600200192
DC-CHG-240-001,TXN-20260105-001,R5,2026-01-05 12:07:00,2026-01-05 13:53:00,106.0,1,1,107,29.969953731166683,30.0,29.22108524832389,99.6352636716528,102.0,46.01632084671071,66.25489060898383,26.015410571095607,65.95738022054535,39.94196964944974,0.3740484984782866,44,41.1214953271028,0.1093113088464138,466.0,1205.0,471.44274735322,40.66033121831117,71.07676135485026,10,0.0,66.0502152715773,66.95626370772003,1,0.19189448684523625,0.015573486307114859,94.47551872993392
DC-CHG-240-001,TXN-20260105-001,R2,2026-01-05 12:07:00,2026-01-05 13:53:00,106.0,1,1,107,29.972608821747748,30.0,29.450929748754284,99.64164843936076,102.0,42.11074985356451,62.70024039727399,22.215968148739407,62.70024039727399,40.48427224853458,0.3728484089576385,34,31.77570093457944,0.1074073114770261,466.0,1205.0,600.3149124953686,42.20202803885119,65.63763535390684,13,0.0,63.17882484850883,63.17882484850883,2,0.32485846360088044,0.015510402872757623,100.33387521965324
DC-CHG-240-001,TXN-20260105-001,R3,2026-01-05 12:07:00,2026-01-05 13:53:00,106.0,1,1,107,29.96404034851381,30.0,29.33443556860257,99.76096722292417,102.0,43.44981893345166,62.80511820276296,23.872718585991453,62.80511820276296,38.30120496374178,0.3738397847172177,37,34.57943925233645,0.0716238777691761,466.0,1205.0,600.2557543997893,43.7536880301268,68.05677358819241,13,0.0,64.2798762333847,64.2798762333847,3,0.27927026399453125,0.014331497234403634,98.32527159982251
DC-CHG-240-001,TXN-20260105-001,R6,2026-01-05 12:07:00,2026-01-05 13:53:00,106.0,1,1,107,29.970955310206552,30.0,29.418053156642426,99.8655873924411,102.0,47.414146738888896,67.85444445467459,27.59936767581256,66.8246353501226,38.46273229893083,0.3740911779563641,46,42.99065420560748,0.0402847425427613,466.0,1205.0,324.8695085230711,35.476897116518096,69.99880180406343,7,0.0,68.37802399872733,68.37802399872733,4,0.14430592943271447,0.013297818344578882,92.37877989166665
DC-CHG-240-001,TXN-20260105-001,R1,2026-01-05 12:07:00,2026-01-05 13:53:00,106.0,1,1,107,29.965217334902015,30.0,29.389216879012768,99.88584788522104,102.0,40.872010135491536,60.29476241331929,21.113087692004783,60.126147377028026,39.01305968502325,0.374291146906505,30,28.03738317757009,0.0342059292859022,466.0,1205.0,600.3272380295468,40.7092234495512,64.19117554634569,13,0.0,61.08493228930583,61.08493228930583,5,0.3670309805949873,0.013097638553427937,102.1919847967627
DC-CHG-240-001,TXN-20260105-001,R7,2026-01-05 12:07:00,2026-01-05 13:53:00,106.0,0,0,0,0.0,0.0,0.0,0.0,0.0,22.92800319906232,27.943431390539025,18.17981539305244,22.92800319906232,0.0,0.0,0,0.0,0.0,466.0,1205.0,192.72449637224267,29.930484962242947,68.9850158829221,4,0.0,23.06787240295746,27.95012870857962,6,0.9779292398726877,1.0,129.1079952014065
DC-CHG-240-001,TXN-20260105-001,R8,2026-01-05 12:07:00,2026-01-05 13:53:00,106.0,0,0,0,0.0,0.0,0.0,0.0,0.0,23.29280877732741,27.9666193984476,18.03455831518577,23.29280877732741,0.0,0.0,0,0.0,0.0,466.0,1205.0,136.99260850887003,28.45667982445144,68.93582818348386,3,0.0,22.91348009555429,27.87655674688798,7,0.9655095449000727,1.0,128.5607868340089
DC-CHG-240-001,TXN-20260105-001,R4,2026-01-05 12:07:00,2026-01-05 13:53:00,106.0,1,1,107,29.966781466967056,30.0,29.3533930548854,100.0150248402542,102.0,44.78898517478307,64.02276810976882,24.34461125605233,64.02276810976882,39.67815685371649,0.3728563213915173,38,35.51401869158878,-0.0045024610447367,466.0,1205.0,553.889108937084,43.25511853714194,68.61988605188067,12,0.0,66.09544485778326,66.09544485778326,8,0.2336787565563594,0.011821331201928076,96.3165222378254
DC-CHG-240-001,TXN-20260105-002,R5,2026-01-05 06:19:00,2026-01-05 07:26:00,67.0,1,1,68,29.97380897176216,30.0,29.5508554687975,66.32306808705619,69.61629950417019,45.05393130135391,64.7128835226411,25.08454407417788,64.10228384373691,39.01773976955903,0.5939691122985913,27,39.70588235294117,10.094259239136186,406.0,1036.0,387.1921175977328,39.693554078518304,71.07676135485026,8,557.0,66.45507756800973,66.45507756800973,1,0.2246587462488564,0.34470804524069054,95.91910304796913
DC-CHG-240-001,TXN-20260105-002,R4,2026-01-05 06:19:00,2026-01-05 07:26:00,67.0,1,1,68,29.982671044514436,30.0,29.68454105949359,66.35174609131677,69.65802209345989,43.67711559341012,64.09942084639312,23.434877778356736,64.09942084639312,40.66454306803638,0.5913719266892297,24,35.294117647058826,10.088645281663464,406.0,1036.0,469.6445309990894,43.02089046485343,68.61988605188067,10,557.0,66.2147698751136,66.2147698751136,2,0.271532018328433,0.3444246978924369,97.98432660988482
DC-CHG-240-001,TXN-20260105-002,R3,2026-01-05 06:19:00,2026-01-05 07:26:00,67.0,1,1,68,29.98120417338184,30.0,29.69519793646367,66.76582903521881,69.64088279778254,42.45800097957957,62.51984921500758,22.22931756981968,62.51984921500758,40.2905316451879,0.5914463810424835,22,32.35294117647059,9.964004652281831,406.0,1036.0,515.994714308317,43.83325231547242,68.05677358819241,11,557.0,64.1674184040011,64.1674184040011,3,0.31303640461671045,0.3403334332756388,99.81299853063064
DC-CHG-240-001,TXN-20260105-002,R2,2026-01-05 06:19:00,2026-01-05 07:26:00,67.0,1,1,68,29.97394230542086,30.0,29.54249281559817,66.84978365339869,69.65566008422209,41.19508631524202,60.86973270976793,20.66308488652444,59.99863273634339,39.33554784981895,0.5899211519161179,19,27.94117647058824,9.936426721852472,406.0,1036.0,516.0643014785945,42.24481723388805,65.63763535390684,11,557.0,63.2126808507623,63.2126808507623,4,0.35603195030465806,0.3395039362779133,101.70737052713696
DC-CHG-240-001,TXN-20260105-002,R6,2026-01-05 06:19:00,2026-01-05 07:26:00,67.0,1,1,68,29.97294140471246,30.0,29.54440381593829,66.92024725214145,69.63180274825426,46.46070356467174,65.81825172800293,25.94284063797197,65.81825172800293,39.875411090030966,0.5824443292679392,28,41.17647058823529,9.914974907939405,406.0,1036.0,240.62221768683716,33.32408918679019,69.99880180406343,5,557.0,66.32526112494274,66.75162106278414,5,0.1767656123515271,0.33880773462905545,93.8089446529924
DC-CHG-240-001,TXN-20260105-002,R1,2026-01-05 06:19:00,2026-01-05 07:26:00,67.0,1,1,68,29.98386186954954,30.0,29.604132352498087,67.03561908172907,69.51002815588068,39.7206241563625,59.80405625944272,20.11892189203837,59.80405625944272,39.685134367404345,0.5986473497342358,17,25.0,9.883994440686502,406.0,1036.0,516.051344695909,40.72726169282864,64.19117554634569,11,557.0,61.7061470993233,62.30903291290712,6,0.40622956611150907,0.3376678260887058,103.91906376545626
DC-CHG-240-001,TXN-20260105-002,R7,2026-01-05 06:19:00,2026-01-05 07:26:00,67.0,0,0,0,0.0,0.0,0.0,0.0,0.0,23.02297846710412,27.77513961446405,18.17418036970242,23.02297846710412,0.0,0.0,0,0.0,0.0,406.0,1036.0,192.72449637224267,31.182313967190613,68.9850158829221,4,557.0,68.9850158829221,68.9850158829221,7,0.9746958357547156,1.0,128.9655322993438
DC-CHG-240-001,TXN-20260105-002,R8,2026-01-05 06:19:00,2026-01-05 07:26:00,67.0,0,0,0,0.0,0.0,0.0,0.0,0.0,22.950436842421144,27.82999231593752,18.001779849920286,22.950436842421144,0.0,0.0,0,0.0,0.0,406.0,1036.0,136.99260850887003,29.461174616353933,68.93582818348386,3,557.0,68.93582818348386,68.93582818348386,8,0.9771654933067331,1.0,129.0743447363683
DC-CHG-240-001,TXN-20260105-003,R1,2026-01-05 10:42:00,2026-01-05 12:24:00,102.0,1,1,103,29.87877308586715,30.0,28.777578534835367,60.0,60.0,41.49940206668792,61.08493228930583,21.87941636807027,61.08493228930583,39.20551592123556,0.3901119187995337,28,27.184466019417474,11.951509234346858,364.0,1103.0,549.5333237835727,40.64337523145647,64.19117554634569,12,196.0,59.80405625944272,59.80405625944272,1,0.3456716130908073,0.4071818686983829,101.25089689996813
DC-CHG-240-001,TXN-20260105-003,R3,2026-01-05 10:42:00,2026-01-05 12:24:00,102.0,1,1,103,29.87178162619366,30.0,28.719051752246987,60.0,60.0,44.17416794187211,64.2798762333847,24.771036202643405,64.2798762333847,39.5088400307413,0.3874085940534117,36,34.95145631067961,11.948712650477464,364.0,1103.0,549.47372563526,43.71864803748135,68.05677358819241,12,196.0,62.51984921500758,62.51984921500758,2,0.25461002228144824,0.4071818686983829,97.23874808719182
DC-CHG-240-001,TXN-20260105-003,R5,2026-01-05 10:42:00,2026-01-05 12:24:00,102.0,1,1,103,29.870515531580057,30.0,28.72175118187985,60.0,60.0,46.90127967298992,66.95626370772003,26.254835262551094,66.0502152715773,39.7953800090262,0.3876300825588151,45,43.68932038834952,11.948206212632025,364.0,1103.0,420.6628709495338,40.140252180421264,71.07676135485026,9,196.0,64.10228384373691,64.7128835226411,3,0.16176633272549723,0.4071818686983829,93.14808049051511
DC-CHG-240-001,TXN-20260105-003,R2,2026-01-05 10:42:00,2026-01-05 12:24:00,102.0,1,1,103,29.870416926894556,30.0,28.819503373551168,60.0,60.0,42.73828861705488,63.17882484850883,22.72707218365425,63.17882484850883,39.32257823014493,0.3901676937690617,33,32.03883495145632,11.94816677075782,364.0,1103.0,549.5352037196478,42.15733965733421,65.63763535390684,12,196.0,59.99863273634339,60.86973270976793,4,0.3034940972359045,0.4071818686983829,99.39256707441768
DC-CHG-240-001,TXN-20260105-003,R6,2026-01-05 10:42:00,2026-01-05 12:24:00,102.0,1,1,103,29.869121333904943,30.0,28.75941046213069,60.0,60.0,48.17397789537135,68.37802399872733,27.37220866624141,68.37802399872733,41.00581533248592,0.388895681396062,48,46.601941747572816,11.947648533561978,364.0,1103.0,274.0920022554327,34.418807051613655,69.99880180406343,6,196.0,65.81825172800293,65.81825172800293,5,0.11843770877918058,0.4071818686983829,91.23903315694298
DC-CHG-240-001,TXN-20260105-003,R4,2026-01-05 10:42:00,2026-01-05 12:24:00,102.0,1,1,103,29.86113447350201,30.0,28.659849478241224,60.0,60.0,45.40963027604749,66.09544485778326,25.157184087531835,66.09544485778326,40.93826077025143,0.3901785208057709,39,37.86407766990291,11.944453789400804,364.0,1103.0,503.12518033213047,43.075575892233154,68.61988605188067,11,196.0,64.09942084639312,64.09942084639312,6,0.21254908282546447,0.4071818686983829,95.38555458592877
DC-CHG-240-001,TXN-20260105-003,R7,2026-01-05 10:42:00,2026-01-05 12:24:00,102.0,0,0,0,0.0,0.0,0.0,0.0,0.0,23.06787240295746,27.95012870857962,18.12700778937637,23.06787240295746,0.0,0.0,0,0.0,0.0,364.0,1103.0,192.72449637224267,30.502369342183403,68.9850158829221,4,196.0,23.02297846710412,27.77513961446405,7,0.9731674353610861,1.0,128.8981913955638
DC-CHG-240-001,TXN-20260105-003,R8,2026-01-05 10:42:00,2026-01-05 12:24:00,102.0,0,0,0,0.0,0.0,0.0,0.0,0.0,22.91348009555429,27.87655674688798,18.030198608143376,22.91348009555429,0.0,0.0,0,0.0,0.0,364.0,1103.0,136.99260850887003,28.918613135192867,68.93582818348386,3,196.0,22.950436842421144,27.82999231593752,8,0.9784236745150613,1.0,129.12977985666856
DC-CHG-240-001,TXN-20260105-004,R5,2026-01-05 13:52:00,2026-01-05 15:48:00,116.0,1,1,117,29.951323718378838,30.0,29.09739281111255,71.15035841715239,74.42220958995387,43.16948574031052,63.827068667056125,22.435221015108496,63.827068667056125,41.39184765194763,0.3402022122537769,38,32.47863247863248,8.64084954207072,572.0,1311.0,524.3896656116144,41.04290190605399,71.07676135485026,11,0.0,65.95738022054535,66.25489060898383,1,0.28881412230412684,0.29701295802839056,98.74577138953421
DC-CHG-240-001,TXN-20260105-004,R6,2026-01-05 13:52:00,2026-01-05 15:48:00,116.0,1,1,117,29.959886370159342,30.0,29.156192954959373,71.31694469531594,74.3108782996205,44.24824622409786,63.46966403289735,24.47910545736012,63.1921174950867,38.5577527953782,0.3425141726248456,43,36.75213675213676,8.593410776773307,572.0,1311.0,377.8181962377693,36.3295578038303,69.99880180406343,8,0.0,66.8246353501226,67.85444445467459,2,0.2520880496906932,0.29536703525970043,97.12763066385321
DC-CHG-240-001,TXN-20260105-004,R2,2026-01-05 13:52:00,2026-01-05 15:48:00,116.0,1,1,117,29.953660584745347,30.0,29.08893018797115,71.37141109032125,74.4201267552362,39.71305366427932,59.464548333533806,19.73136620219724,59.08503983139511,39.35367362919787,0.3421013070155109,29,24.786324786324787,8.575310352207223,572.0,1311.0,653.2665214137895,42.195508168473566,65.63763535390684,14,0.0,62.70024039727399,62.70024039727399,3,0.40648730121225163,0.2948288908179374,103.93041950358102
DC-CHG-240-001,TXN-20260105-004,R3,2026-01-05 13:52:00,2026-01-05 15:48:00,116.0,1,1,117,29.95463920628972,30.0,29.155368973826228,71.46116358341877,74.38957450621596,40.79155648682837,60.404831826843015,20.606413416754634,60.0362110408746,39.42979762411996,0.3434324547184278,30,25.64102564102564,8.54870548226013,572.0,1311.0,653.1922256821637,43.73198309465,68.05677358819241,14,0.0,62.80511820276296,62.80511820276296,4,0.36977000059731946,0.2939421090639752,102.31266526975745
DC-CHG-240-001,TXN-20260105-004,R1,2026-01-05 13:52:00,2026-01-05 15:48:00,116.0,1,1,117,29.93917493937235,30.0,29.15641730166259,71.4564430523501,74.40261038378891,38.52356131586593,58.69396145961132,17.732925453478646,58.69396145961132,40.96103600613267,0.3453780734311817,24,20.51282051282051,8.545705448476275,572.0,1311.0,653.2657886545403,40.7208510699755,64.19117554634569,14,0.0,60.126147377028026,60.29476241331929,5,0.44698320648269874,0.29398874933742325,105.7146580262011
DC-CHG-240-001,TXN-20260105-004,R4,2026-01-05 13:52:00,2026-01-05 15:48:00,116.0,1,1,117,29.94815932654798,30.0,29.202224669008324,71.5170317827321,74.42104177326146,41.9350713090434,62.458122235343446,22.27933878525944,62.458122235343446,39.79578903658223,0.3413421578383078,36,30.76923076923077,8.530124702637412,572.0,1311.0,606.830422862059,43.36468043983059,68.61988605188067,13,0.0,64.02276810976882,64.02276810976882,6,0.3308393862242721,0.2933901143720399,100.5973930364349
DC-CHG-240-001,TXN-20260105-004,R7,2026-01-05 13:52:00,2026-01-05 15:48:00,116.0,1,1,117,29.949373010607538,30.0,29.21854206987248,71.52969033172681,74.37603749693292,45.390762712868536,65.53705119754673,25.00560285714135,65.10821786489034,40.10261500774898,0.3423380279595419,44,37.60683760683761,8.5266792398262,572.0,1311.0,192.72449637224267,29.43030769344433,68.9850158829221,4,0.0,22.92800319906232,27.943431390539025,7,0.21319142327616025,0.29326504408270604,95.4138559306972
DC-CHG-240-001,TXN-20260105-004,R8,2026-01-05 13:52:00,2026-01-05 15:48:00,116.0,0,0,0,0.0,0.0,0.0,0.0,0.0,23.344617165065973,27.97836585361928,18.176126817437485,23.344617165065973,0.0,0.0,0,0.0,0.0,572.0,1311.0,136.99260850887003,28.087831892514007,68.93582818348386,3,0.0,23.29280877732741,27.9666193984476,8,0.9637457440947342,1.0,128.48307425240105
DC-CHG-240-001,TXN-20260105-005,R4,2026-01-05 14:56:00,2026-01-05 16:14:00,78.0,1,1,79,29.90266495046548,30.0,29.028016067469707,74.88548424447794,77.95097731478327,50.40379080485261,69.48540398055819,30.22101121884778,69.28730862988726,39.066297411039486,0.5080336089252769,40,50.63291139240506,7.509909500305627,578.0,1427.0,664.7301975600518,43.26937316444479,68.61988605188067,14,0.0,62.458122235343446,62.458122235343446,1,0.04252440637448829,0.2601087861428649,87.89431379272108
DC-CHG-240-001,TXN-20260105-005,R2,2026-01-05 14:56:00,2026-01-05 16:14:00,78.0,1,1,79,29.921180078780328,30.0,29.02800382631445,74.95828405488767,77.93689330414458,46.35494936034096,66.19614432653049,25.76320393922746,66.19614432653049,40.43294038730303,0.5052478672558466,32,40.50632911392405,7.492776922753706,578.0,1427.0,711.1769318776306,42.03001120152728,65.63763535390684,15,0.0,59.08503983139511,59.464548333533806,2,0.18036598207752252,0.2593895020167615,93.96757595948856
DC-CHG-240-001,TXN-20260105-005,R1,2026-01-05 14:56:00,2026-01-05 16:14:00,78.0,1,1,79,29.92393921455786,30.0,29.32052754385116,75.08371673568739,77.95500720261568,44.30628008124486,64.130078229404,24.975987812811866,64.130078229404,39.15409041659214,0.5048344013730112,28,35.44303797468354,7.455933458539959,578.0,1427.0,711.1481935373268,40.5743650863682,64.19117554634569,15,0.0,58.69396145961132,58.69396145961132,3,0.25011230467254486,0.25815018922616406,97.04057987813272
DC-CHG-240-001,TXN-20260105-005,R3,2026-01-05 14:56:00,2026-01-05 16:14:00,78.0,1,1,79,29.911239767024544,30.0,28.992695748127083,75.18130125847959,77.99646643032835,48.402202233106514,69.09546578573718,28.77170526232112,69.09546578573718,40.323760523416055,0.5114024201572869,37,46.83544303797469,7.423580487631671,578.0,1427.0,711.1045281476571,43.53595465412856,68.05677358819241,15,0.0,60.0362110408746,60.404831826843015,4,0.11066788060528654,0.2571860246520702,90.89669665034023
DC-CHG-240-001,TXN-20260105-005,R5,2026-01-05 14:56:00,2026-01-05 16:14:00,78.0,0,0,0,0.0,0.0,0.0,0.0,0.0,23.128650365413996,27.94182858570232,18.04998197309993,23.128650365413996,0.0,0.0,0,0.0,0.0,578.0,1427.0,582.2955581338135,41.18467416167109,71.07676135485026,12,0.0,63.827068667056125,63.827068667056125,5,0.9710982681121721,1.0,128.80702445187902
DC-CHG-240-001,TXN-20260105-005,R6,2026-01-05 14:56:00,2026-01-05 16:14:00,78.0,0,0,0,0.0,0.0,0.0,0.0,0.0,22.385094003551,27.810025659877184,18.054437814860243,22.385094003551,0.0,0.0,0,0.0,0.0,578.0,1427.0,435.7406432200774,36.85747036518147,69.99880180406343,9,0.0,63.1921174950867,63.46966403289735,6,0.9964124183321428,1.0,129.92235899467352
DC-CHG-240-001,TXN-20260105-005,R7,2026-01-05 14:56:00,2026-01-05 16:14:00,78.0,0,0,0,0.0,0.0,0.0,0.0,0.0,23.095086838927656,27.97761323016008,18.08856418134545,23.095086838927656,0.0,0.0,0,0.0,0.0,578.0,1427.0,250.6266175260839,30.49433802807261,68.9850158829221,5,0.0,65.10821786489034,65.53705119754673,7,0.9722409281645431,1.0,128.85736974160852
DC-CHG-240-001,TXN-20260105-005,R8,2026-01-05 14:56:00,2026-01-05 16:14:00,78.0,0,0,0,0.0,0.0,0.0,0.0,0.0,23.14835455493633,27.95382768383606,18.003711607451056,23.14835455493633,0.0,0.0,0,0.0,0.0,578.0,1427.0,136.99260850887003,27.771617577350806,68.93582818348386,3,0.0,23.344617165065973,27.97836585361928,8,0.9704274449720387,1.0,128.77746816759552
DC-CHG-240-001,TXN-20260106-001,R7,2026-01-06 21:09:00,2026-01-06 22:31:00,82.0,1,1,83,29.73892689057384,30.0,28.767587463512527,60.0,60.0,46.11504938029696,65.11655492375603,26.80839224556924,65.11655492375603,37.9958226216942,0.4794399067682739,35,42.16867469879519,11.895570756229535,0.0,1505.0,250.6266175260839,30.03188482875105,68.9850158829221,5,1735.0,23.095086838927656,27.97761323016008,1,0.18853330394319268,0.4071818686983829,94.32742592955456
DC-CHG-240-001,TXN-20260106-001,R5,2026-01-06 21:09:00,2026-01-06 22:31:00,82.0,1,1,83,29.736013101861083,30.0,28.43613054924036,60.0,60.0,44.00024824056601,63.60121692925721,23.21543388279364,63.60121692925721,40.38578304646357,0.4817527866780175,29,34.93975903614458,11.894405240744431,0.0,1505.0,582.2955581338135,40.05617267440502,71.07676135485026,12,1735.0,23.128650365413996,27.94182858570232,2,0.2605310656224591,0.4071818686983829,97.49962763915099
DC-CHG-240-001,TXN-20260106-001,R2,2026-01-06 21:09:00,2026-01-06 22:31:00,82.0,1,1,83,29.734483934530484,30.0,28.29565773510713,60.0,60.0,40.3817129324768,59.97817232545253,20.312509420464025,59.540156458804255,39.22764703834023,0.4822612667510688,21,25.301204819277107,11.893793573812191,0.0,1505.0,750.0744659800451,42.30031983645314,66.19614432653049,16,1735.0,66.19614432653049,66.19614432653049,3,0.38372299976949775,0.4071818686983829,102.9274306012848
DC-CHG-240-001,TXN-20260106-001,R6,2026-01-06 21:09:00,2026-01-06 22:31:00,82.0,1,1,83,29.732322314276267,30.0,28.47270945367157,60.0,60.0,45.09630480361469,64.7206045528677,25.557007701618176,64.7206045528677,38.51563596844586,0.4837031117670141,31,37.34939759036144,11.892928925710509,0.0,1505.0,435.7406432200775,35.952946842579564,69.99880180406343,9,1735.0,22.385094003551,27.810025659877184,4,0.22321615325040756,0.4071818686983829,95.85554279457796
DC-CHG-240-001,TXN-20260106-001,R1,2026-01-06 21:09:00,2026-01-06 22:31:00,82.0,1,1,83,29.727575227832787,30.0,28.380796997221296,60.0,60.0,39.22197271238733,58.7120028023768,19.13812001994834,58.21955820471334,39.081438184765,0.4824864392190612,19,22.89156626506024,11.891030091133116,0.0,1505.0,750.0493145162523,40.807609773548,64.19117554634569,16,1735.0,64.130078229404,64.130078229404,5,0.42320600287894616,0.4071818686983829,104.66704093141901
DC-CHG-240-001,TXN-20260106-001,R3,2026-01-06 21:09:00,2026-01-06 22:31:00,82.0,1,1,83,29.723216201094008,30.0,28.27821255641675,60.0,60.0,41.614451040586346,61.90757560577194,20.904640025127986,61.90757560577194,41.00293558064395,0.4779701630475028,24,28.915662650602407,11.889286480437605,0.0,1505.0,749.9891398447891,43.84009512781468,69.09546578573718,16,1735.0,69.09546578573718,69.09546578573718,6,0.3417548057614729,0.4071818686983829,101.07832343912048
DC-CHG-240-001,TXN-20260106-001,R4,2026-01-06 21:09:00,2026-01-06 22:31:00,82.0,1,1,83,29.71916404873067,30.0,28.42197474451604,60.0,60.0,42.70536725852805,62.87565890137531,22.454875016029565,62.87565890137531,40.42078388534574,0.4828022330011235,27,32.53012048192771,11.887665619492267,0.0,1505.0,703.6036619956569,43.71527426697028,69.48540398055819,15,1735.0,69.28730862988726,69.48540398055819,7,0.30461489487538074,0.4071818686983829,99.44194911220792
DC-CHG-240-001,TXN-20260106-001,R8,2026-01-06 21:09:00,2026-01-06 22:31:00,82.0,0,0,0,0.0,0.0,0.0,0.0,0.0,22.92535440761349,27.90145875242883,18.004645529255416,22.92535440761349,0.0,0.0,0,0.0,0.0,0.0,1505.0,136.99260850887003,27.4826636384499,68.93582818348386,3,1735.0,23.14835455493633,27.95382768383606,8,0.9780194171720508,1.0,129.11196838857975
DC-CHG-240-001,TXN-20260107-001,R3,2026-01-07 21:11:00,2026-01-07 22:45:00,94.0,1,1,95,29.872928845701825,30.0,28.817040224090427,60.0,60.0,41.11945166726615,61.67843634697925,20.477507310062578,61.67843634697925,41.20092903691667,0.4219616826962811,26,27.368421052631582,11.94917153828073,379.0,1966.0,978.932534293063,43.636682171176005,69.09546578573718,21,0.0,62.60139257257674,62.60139257257674,1,0.35860690889407654,0.4071818686983829,101.82082249910079
DC-CHG-240-001,TXN-20260107-001,R2,2026-01-07 21:11:00,2026-01-07 22:45:00,94.0,1,1,95,29.863584288921,30.0,28.8146048466392,60.0,60.0,40.01450328738533,60.80630778646906,20.28676839578771,60.80630778646906,40.372113080652966,0.4228902979791437,24,25.26315789473684,11.9454337155684,379.0,1966.0,979.01240686372,42.10084216612231,66.19614432653049,21,0.0,60.8218149177198,61.31753245647639,2,0.39622454046612665,0.4071818686983829,103.478245068922
DC-CHG-240-001,TXN-20260107-001,R1,2026-01-07 21:11:00,2026-01-07 22:45:00,94.0,1,1,95,29.861514881441828,30.0,28.815173474173545,60.0,60.0,39.0676732774098,58.15123831748107,18.75835110850145,58.15123831748107,39.392887208979616,0.4166520685738967,22,23.157894736842103,11.94460595257673,379.0,1966.0,979.0124086092642,40.61342151499913,64.19117554634569,21,0.0,59.32929984795653,59.73070449413369,3,0.42845908021943335,0.4071818686983829,104.89849008388529
DC-CHG-240-001,TXN-20260107-001,R4,2026-01-07 21:11:00,2026-01-07 22:45:00,94.0,1,1,95,29.853032921760317,30.0,28.64948291563349,60.0,60.0,42.064989169873286,62.73625810910908,22.06008743932245,62.73625810910908,40.096170919087406,0.4238386588733186,30,31.57894736842105,11.941213168704126,379.0,1966.0,888.730213432769,42.67237812497525,69.48540398055819,19,0.0,64.22892438821576,64.22892438821576,4,0.326416372161068,0.4071818686983829,100.40251624519007
DC-CHG-240-001,TXN-20260107-001,R5,2026-01-07 21:11:00,2026-01-07 22:45:00,94.0,1,1,95,29.851624422209994,30.0,28.89830489012906,60.0,60.0,43.0980761805163,63.36944717402742,23.36745838197859,63.36944717402742,40.001988792048834,0.4228748905830796,31,32.631578947368425,11.940649768883995,379.0,1966.0,767.4524013773678,40.13031260725349,71.07676135485026,16,0.0,65.08459346988761,65.08459346988761,5,0.29124523905127386,0.4071818686983829,98.85288572922555
DC-CHG-240-001,TXN-20260107-001,R8,2026-01-07 21:11:00,2026-01-07 22:45:00,94.0,1,1,95,29.85017240849115,30.0,28.83778123502636,60.0,60.0,46.0247247880883,65.66296595917896,26.503640909708995,65.43742871171456,38.58779092870561,0.4195391538394442,37,38.94736842105263,11.94006896339646,379.0,1966.0,136.99260850887003,26.409487823004383,68.93582818348386,3,0.0,23.33441102023553,27.929624435838363,6,0.19160837721672197,0.4071818686983829,94.46291281786755
DC-CHG-240-001,TXN-20260107-001,R6,2026-01-07 21:11:00,2026-01-07 22:45:00,94.0,1,1,95,29.84900249600773,30.0,28.7672117981353,60.0,60.0,44.01326928556379,64.54761767937799,24.23681196542696,64.54761767937799,39.40411396633448,0.4178005663912358,32,33.68421052631579,11.939600998403094,379.0,1966.0,620.8733246197365,37.226323276206166,69.99880180406343,13,0.0,65.61090768492147,65.61090768492147,7,0.26008776810528245,0.4071818686983829,97.48009607165432
DC-CHG-240-001,TXN-20260107-001,R7,2026-01-07 21:11:00,2026-01-07 22:45:00,94.0,1,1,95,29.84244343243044,30.0,28.7661474512794,60.0,60.0,45.04526737497305,65.30815316004276,24.977529591379447,65.30815316004276,40.33062356866331,0.4202722088929371,34,35.78947368421053,11.936977372972176,379.0,1966.0,385.0985855835693,31.674492071478987,68.9850158829221,8,0.0,66.97605770566392,66.97605770566392,8,0.2249537069877443,0.4071818686983829,95.93209893754042
DC-CHG-240-001,TXN-20260107-002,R1,2026-01-07 11:29:00,2026-01-07 13:11:00,102.0,1,1,103,29.800515113174555,30.0,28.704487424538392,99.698750701107,102.0,41.22861225679568,61.37623342703333,21.35163191347304,61.37623342703333,40.024601513560285,0.3891192238793692,28,27.184466019417474,0.0897738428449444,170.0,1675.0,834.5168941268126,40.71210712296344,64.19117554634569,18,204.0,59.668505377877445,59.79611931287232,1,0.35489056981989053,0.014946215271065988,101.65708161480649
DC-CHG-240-001,TXN-20260107-002,R6,2026-01-07 11:29:00,2026-01-07 13:11:00,102.0,1,1,103,29.79571871091593,30.0,28.51337885212745,99.72947211052868,102.0,47.85137787601975,68.03853465688063,27.88078022415441,68.03853465688063,39.63040774392046,0.3890031564684025,45,43.68932038834952,0.0806057289814534,170.0,1675.0,476.37481704958833,35.75982830911321,69.99880180406343,10,204.0,23.333455279150105,27.975371910246587,2,0.1294205283335328,0.014642678462327474,91.72293318597038
DC-CHG-240-001,TXN-20260107-002,R5,2026-01-07 11:29:00,2026-01-07 13:11:00,102.0,1,1,103,29.79714969608781,30.0,28.43428004346344,99.74833056752684,102.0,46.47489539235129,66.86906690693895,25.730458393084938,66.86906690693895,41.13860851385402,0.3891274196327841,43,41.74757281553398,0.0749903175333234,170.0,1675.0,622.9347760396903,39.34006043908186,71.07676135485026,13,204.0,23.2220768724272,27.951455825455515,3,0.17628245589399094,0.014456351208379403,93.78765691147306
DC-CHG-240-001,TXN-20260107-002,R3,2026-01-07 11:29:00,2026-01-07 13:11:00,102.0,1,1,103,29.78025618506308,30.0,28.64889072467744,99.82310154526904,102.0,43.84765509058893,63.58607022554468,23.88450500008086,63.58607022554468,39.701565225463824,0.3883997501139247,34,33.00970873786408,0.0526808130062977,170.0,1675.0,834.4522661176147,43.83878093977468,69.09546578573718,18,204.0,65.49867095347125,65.49867095347125,4,0.265726053008997,0.013717591353367253,97.72851736411661
DC-CHG-240-001,TXN-20260107-002,R7,2026-01-07 11:29:00,2026-01-07 13:11:00,102.0,0,0,0,0.0,0.0,0.0,0.0,0.0,23.182473951566685,27.97467518979743,18.01596465982255,23.182473951566685,0.0,0.0,0,0.0,0.0,170.0,1675.0,291.26981760986814,30.51695505948432,68.9850158829221,6,204.0,22.67998443040394,27.95322681482823,5,0.9692658604896579,1.0,128.72628907264996
DC-CHG-240-001,TXN-20260107-002,R8,2026-01-07 11:29:00,2026-01-07 13:11:00,102.0,0,0,0,0.0,0.0,0.0,0.0,0.0,22.35279790553963,27.88079296359037,18.011327470543335,22.35279790553963,0.0,0.0,0,0.0,0.0,170.0,1675.0,136.99260850887003,26.994414645440987,68.93582818348386,3,204.0,23.25149099512589,27.98296140808621,6,0.9975119291675155,1.0,129.97080314169057
DC-CHG-240-001,TXN-20260107-002,R2,2026-01-07 11:29:00,2026-01-07 13:11:00,102.0,1,1,103,29.797386492856862,30.0,28.50975766039491,100.05975799690556,102.0,42.44079375341374,61.78236931986027,22.41715465140619,61.78236931986027,39.36521466845409,0.3891728727989191,33,32.03883495145632,-0.0178063212983349,170.0,1675.0,834.540411766678,42.248696832767706,66.19614432653049,18,204.0,63.01246515394391,63.0639538296888,7,0.31362221939871227,0.011379354096373362,99.83880936987939
DC-CHG-240-001,TXN-20260107-002,R4,2026-01-07 11:29:00,2026-01-07 13:11:00,102.0,1,1,103,29.790109588998355,30.0,28.367240503700184,100.2114792580001,102.0,45.154107590686,65.5179358545745,24.817209029722243,65.03719578798481,39.95269009794755,0.3903924049815508,38,36.89320388349515,-0.0629999027162293,170.0,1675.0,744.2198528622555,42.51144752813433,69.48540398055819,16,204.0,23.056299976365462,27.96241419295187,8,0.22124827494271615,0.009880302188360335,95.768838613971
DC-CHG-240-001,TXN-20260107-003,R7,2026-01-07 21:02:00,2026-01-07 22:35:00,93.0,1,1,94,29.761741166568687,30.0,28.37779700328621,71.25157028237646,74.40752318995666,47.21238159314482,66.97605770566392,26.92068509398925,66.97605770566392,39.53949333119228,0.423920649344347,40,42.5531914893617,8.55603324201203,368.0,1873.0,338.96788677538785,30.89759759539569,68.9850158829221,7,212.0,66.12160166936519,66.12160166936519,1,0.1511749624616604,0.2960129542149291,92.68142761028277
DC-CHG-240-001,TXN-20260107-003,R6,2026-01-07 21:02:00,2026-01-07 22:35:00,93.0,1,1,94,29.74633843658898,30.0,28.46439502418252,71.28425880917077,74.38335359851634,45.98291763125162,65.61090768492147,26.359636569102395,65.61090768492147,38.59134946659019,0.4248734517438939,37,39.361702127659576,8.541881559199052,368.0,1873.0,574.7665000430236,36.78849355845389,69.99880180406343,12,212.0,63.40001599563166,64.11661029068595,2,0.19303168915743618,0.29568998169210914,94.52562355312257
DC-CHG-240-001,TXN-20260107-003,R4,2026-01-07 21:02:00,2026-01-07 22:35:00,93.0,1,1,94,29.762381225862317,30.0,28.411828099787968,71.38199689062876,74.41593105994905,43.769735289103686,64.22892438821576,23.103371869980883,64.22892438821576,41.12555251823488,0.4273764837371138,32,34.04255319148936,8.5173991846402,368.0,1873.0,842.5985225326824,42.61751026676883,69.48540398055819,18,212.0,61.477295415248015,61.872166620754975,3,0.268378808954714,0.29472429991199356,97.84539706634447
DC-CHG-240-001,TXN-20260107-003,R1,2026-01-07 21:02:00,2026-01-07 22:35:00,93.0,1,1,94,29.755053942347843,30.0,28.599433429519085,71.38003687047065,74.34592823881985,40.30250069983857,59.73070449413369,20.061856386731588,59.32929984795653,39.26744346122494,0.4265139179658262,24,25.53191489361702,8.515885467471522,368.0,1873.0,932.892074998625,40.62896755575716,64.19117554634569,20,212.0,58.39614715831887,58.39614715831887,4,0.3864197561407827,0.294743665503451,103.04624895024214
DC-CHG-240-001,TXN-20260107-003,R5,2026-01-07 21:02:00,2026-01-07 22:35:00,93.0,1,1,94,29.74890453705489,30.0,28.37383318526706,71.38055173939229,74.26372264942509,44.91150482002086,65.08459346988761,25.459591980329023,65.08459346988761,39.32810537676734,0.4228492454939672,35,37.234042553191486,8.513972342080004,368.0,1873.0,721.3415993449327,39.89125299661513,71.07676135485026,15,212.0,62.16058483769462,62.780677071742446,5,0.22950761249314944,0.29473857844291784,96.13274276996871
DC-CHG-240-001,TXN-20260107-003,R2,2026-01-07 21:02:00,2026-01-07 22:35:00,93.0,1,1,94,29.7331343776581,30.0,28.38700146650913,71.66706411363796,74.38619531935905,41.44374035994012,61.31753245647639,21.97444496347773,60.8218149177198,38.84736995424207,0.4210546058090699,26,27.659574468085108,8.424269900227738,368.0,1873.0,932.92604857835,42.13369725643142,66.19614432653049,20,212.0,59.855199123642656,59.855199123642656,6,0.3475665989699992,0.2919077496046659,101.33438946008982
DC-CHG-240-001,TXN-20260107-003,R3,2026-01-07 21:02:00,2026-01-07 22:35:00,93.0,1,1,94,29.750553160543568,30.0,28.27488999229072,71.69848123319673,74.32306263043965,42.51800470032136,62.60139257257674,22.817514875839752,62.60139257257674,39.783877696736994,0.4252821778810781,30,31.91489361702128,8.41985838595902,368.0,1873.0,932.8191768942204,43.69261604471874,69.09546578573718,20,212.0,61.54988376494016,61.54988376494016,7,0.3109935961915239,0.29159733896953743,99.72299294951796
DC-CHG-240-001,TXN-20260107-003,R8,2026-01-07 21:02:00,2026-01-07 22:35:00,93.0,0,0,0,0.0,0.0,0.0,0.0,0.0,23.33441102023553,27.929624435838363,18.05068585497136,23.33441102023553,0.0,0.0,0,0.0,0.0,368.0,1873.0,136.99260850887003,26.563241663142826,68.93582818348386,3,212.0,23.012571739379165,27.993919904652863,8,0.9640932091917408,1.0,128.4983834696467
DC-CHG-240-001,TXN-20260107-004,R1,2026-01-07 06:37:00,2026-01-07 08:05:00,88.0,1,1,89,29.89083645399246,30.0,28.844592579610307,66.38690940226074,69.50438124112675,40.67419912418665,59.79611931287232,20.390058706181453,59.668505377877445,39.27844667169599,0.4516119802016828,23,25.842696629213485,10.047233937702558,82.0,1587.0,790.677000660957,40.71433700524443,64.19117554634569,17,486.0,58.21955820471334,58.7120028023768,1,0.3737653963194254,0.34407727375436714,102.48870131372003
DC-CHG-240-001,TXN-20260107-004,R3,2026-01-07 06:37:00,2026-01-07 08:05:00,88.0,1,1,89,29.8918619077254,30.0,28.92608749814608,66.7680453721707,69.5775903352926,46.04208383032298,65.49867095347125,26.26753219470836,65.49867095347125,39.23113875876289,0.448350835846569,36,40.44943820224719,9.933649986588694,82.0,1587.0,790.6108686529509,43.70917488738948,69.09546578573718,17,486.0,61.90757560577194,61.90757560577194,2,0.19101739390282424,0.3403115351968029,94.43687425451553
DC-CHG-240-001,TXN-20260107-004,R2,2026-01-07 06:37:00,2026-01-07 08:05:00,88.0,1,1,89,29.88328482461897,30.0,28.88187860756307,66.77477918617618,69.57324628940509,43.28971267409154,63.0639538296888,22.85294246310707,63.01246515394391,40.15952269083684,0.4495864771671518,28,31.46067415730337,9.928787369403558,82.0,1587.0,790.7115940239034,42.18746060680748,66.19614432653049,17,486.0,59.540156458804255,59.97817232545253,3,0.2847210329052362,0.34024500307954864,98.56543098886269
DC-CHG-240-001,TXN-20260107-004,R4,2026-01-07 06:37:00,2026-01-07 08:05:00,88.0,0,0,0,0.0,0.0,0.0,0.0,0.0,23.056299976365462,27.96241419295187,18.115881818782803,23.056299976365462,0.0,0.0,0,0.0,0.0,82.0,1587.0,744.2198528622555,43.65586797235603,69.48540398055819,16,486.0,62.87565890137531,62.87565890137531,4,0.9735614151051708,1.0,128.91555003545182
DC-CHG-240-001,TXN-20260107-004,R5,2026-01-07 06:37:00,2026-01-07 08:05:00,88.0,0,0,0,0.0,0.0,0.0,0.0,0.0,23.2220768724272,27.951455825455515,18.06639945446371,23.2220768724272,0.0,0.0,0,0.0,0.0,82.0,1587.0,622.9347760396903,40.28817711947331,71.07676135485026,13,486.0,63.60121692925721,63.60121692925721,5,0.9679175910924318,1.0,128.6668846913592
DC-CHG-240-001,TXN-20260107-004,R6,2026-01-07 06:37:00,2026-01-07 08:05:00,88.0,0,0,0,0.0,0.0,0.0,0.0,0.0,23.333455279150105,27.975371910246587,18.18123715726504,23.333455279150105,0.0,0.0,0,0.0,0.0,82.0,1587.0,476.37481704958833,36.490791428522805,69.99880180406343,10,486.0,64.7206045528677,64.7206045528677,6,0.9641257471063479,1.0,128.49981708127484
DC-CHG-240-001,TXN-20260107-004,R7,2026-01-07 06:37:00,2026-01-07 08:05:00,88.0,0,0,0,0.0,0.0,0.0,0.0,0.0,22.67998443040394,27.95322681482823,18.12801247877899,22.67998443040394,0.0,0.0,0,0.0,0.0,82.0,1587.0,291.26981760986814,30.97795333178316,68.9850158829221,6,486.0,65.11655492375603,65.11655492375603,7,0.9863729634277651,1.0,129.4800233543941
DC-CHG-240-001,TXN-20260107-004,R8,2026-01-07 06:37:00,2026-01-07 08:05:00,88.0,0,0,0,0.0,0.0,0.0,0.0,0.0,23.25149099512589,27.98296140808621,18.001471311124433,23.25149099512589,0.0,0.0,0,0.0,0.0,82.0,1587.0,136.99260850887003,27.214586624871288,68.93582818348386,3,486.0,22.92535440761349,27.90145875242883,8,0.9669161962301543,1.0,128.62276350731116
DC-CHG-240-001,TXN-20260107-005,R5,2026-01-07 15:54:00,2026-01-07 17:30:00,96.0,1,1,97,29.84479301368319,30.0,28.649485168015165,60.0,60.0,43.229076636477735,62.780677071742446,23.061265967655515,62.16058483769462,38.49726956908111,0.4110890060122278,31,31.95876288659793,11.937917205473276,272.0,1777.0,673.5899305230396,39.7155780682013,71.07676135485026,14,163.0,66.86906690693895,66.86906690693895,1,0.2867853683660394,0.4071818686983829,98.6563850452834
DC-CHG-240-001,TXN-20260107-005,R3,2026-01-07 15:54:00,2026-01-07 17:30:00,96.0,1,1,97,29.837797038749,30.0,28.63580309237613,60.0,60.0,40.906608887841735,61.54988376494016,20.536000463091987,61.54988376494016,41.013883301848175,0.4159231254984963,26,26.804123711340207,11.9351188154996,272.0,1777.0,885.0787016322221,43.83924800034384,69.09546578573718,19,163.0,63.58607022554468,63.58607022554468,2,0.3658530765928991,0.4071818686983829,102.1400866682374
DC-CHG-240-001,TXN-20260107-005,R6,2026-01-07 15:54:00,2026-01-07 17:30:00,96.0,1,1,97,29.83685074054882,30.0,28.63864597292149,60.0,60.0,44.24158372902015,64.11661029068595,23.95373541366052,63.40001599563166,39.01814007712457,0.4147543351144895,35,36.08247422680412,11.934740296219529,272.0,1777.0,527.0275388581454,36.39622565473987,69.99880180406343,11,163.0,68.03853465688063,68.03853465688063,3,0.2523148723095119,0.4071818686983829,97.13762440646977
DC-CHG-240-001,TXN-20260107-005,R4,2026-01-07 15:54:00,2026-01-07 17:30:00,96.0,1,1,97,29.834677105706085,30.0,28.48099876496903,60.0,60.0,41.99004223827264,61.872166620754975,22.223514125177807,61.477295415248015,39.25378129007021,0.408753905789203,29,29.89690721649485,11.933870842282431,272.0,1777.0,794.8630391635527,42.65053489984758,69.48540398055819,17,163.0,65.03719578798481,65.5179358545745,4,0.32896791765563016,0.4071818686983829,100.51493664259104
DC-CHG-240-001,TXN-20260107-005,R2,2026-01-07 15:54:00,2026-01-07 17:30:00,96.0,1,1,97,29.831299858634612,30.0,28.67523947944928,60.0,60.0,39.756608385395886,59.855199123642656,19.47731931677553,59.855199123642656,40.22542717500174,0.4158680488142634,25,25.773195876288657,11.932519943453848,272.0,1777.0,885.1959688045346,42.25880719701223,66.19614432653049,19,163.0,61.78236931986027,61.78236931986027,5,0.40500449397707294,0.4071818686983829,103.86508742190617
DC-CHG-240-001,TXN-20260107-005,R1,2026-01-07 15:54:00,2026-01-07 17:30:00,96.0,1,1,97,29.82144073713487,30.0,28.51114804665708,60.0,60.0,38.53281064500549,58.39614715831887,18.420973623616977,58.39614715831887,39.975173534701895,0.4095534338718619,20,20.61855670103093,11.928576294853949,272.0,1777.0,885.1777698192093,40.739291603691456,64.19117554634569,19,163.0,61.37623342703333,61.37623342703333,6,0.4466683158849153,0.4071818686983829,105.70078403249177
DC-CHG-240-001,TXN-20260107-005,R7,2026-01-07 15:54:00,2026-01-07 17:30:00,96.0,1,1,97,29.811293228449824,30.0,28.48527356730456,60.0,60.0,45.4642868856296,66.12160166936519,25.15650271799933,66.12160166936519,40.23672952911684,0.412814492744493,36,37.11340206185567,11.92451729137993,272.0,1777.0,291.26981760986814,30.130929738014963,68.9850158829221,6,163.0,23.182473951566685,27.97467518979743,7,0.21068831517362274,0.4071818686983829,95.3035696715556
DC-CHG-240-001,TXN-20260107-005,R8,2026-01-07 15:54:00,2026-01-07 17:30:00,96.0,0,0,0,0.0,0.0,0.0,0.0,0.0,23.012571739379165,27.993919904652863,18.238081319170465,23.012571739379165,0.0,0.0,0,0.0,0.0,272.0,1777.0,136.99260850887003,26.75011902755144,68.93582818348386,3,163.0,22.35279790553963,27.88079296359037,8,0.9750501296353675,1.0,128.98114239093124
